Selectare optiune dupa ID,2020-06-02 18:59:42.027
Stergere candidat,2020-06-02 18:59:42.182
Selectare optiune dupa ID,2020-06-02 18:59:42.186
Selectare facultate dupa ID,2020-06-02 18:59:42.191
Stergere candidat,2020-06-02 18:59:42.195
Selectare optiune dupa ID,2020-06-02 18:59:42.316
Stergere candidat,2020-06-02 18:59:42.327
Selectare optiune dupa ID,2020-06-02 18:59:42.337
Selectare facultate dupa ID,2020-06-02 18:59:42.344
Stergere candidat,2020-06-02 18:59:42.349
Selectare specializare dupa ID,2020-06-02 18:59:45.673
Returnare ultim id adaugat,2020-06-02 18:59:45.678
Selectare note bacalaureat dupa id candidat,2020-06-02 18:59:45.69
Returnare ultim id adaugat,2020-06-02 18:59:45.695
Selectare informatii admitere pentru un anumit candidat,2020-06-02 18:59:45.702
Selectare specializare dupa ID,2020-06-02 18:59:48.629
Selectare specializare dupa ID,2020-06-02 18:59:51.765
Selectare candidati admisi la buget dupa specializare,2020-06-02 18:59:51.783
Selectare optiune dupa ID,2020-06-02 19:00:46.463
Stergere candidat,2020-06-02 19:00:46.734
Selectare optiune dupa ID,2020-06-02 19:00:46.741
Selectare facultate dupa ID,2020-06-02 19:00:46.749
Stergere candidat,2020-06-02 19:00:46.755
Selectare optiune dupa ID,2020-06-02 19:00:46.887
Stergere candidat,2020-06-02 19:00:46.894
Selectare optiune dupa ID,2020-06-02 19:00:46.9
Selectare facultate dupa ID,2020-06-02 19:00:46.904
Stergere candidat,2020-06-02 19:00:46.909
Selectare specializare dupa ID,2020-06-02 19:01:51.611
Returnare ultim id adaugat,2020-06-02 19:01:51.618
Selectare note bacalaureat dupa id candidat,2020-06-02 19:01:51.632
Returnare ultim id adaugat,2020-06-02 19:01:51.641
Selectare informatii admitere pentru un anumit candidat,2020-06-02 19:01:51.651
Selectare specializare dupa ID,2020-06-02 19:01:53.913
Selectare specializare dupa ID,2020-06-02 19:01:57.157
Selectare candidati admisi la buget dupa specializare,2020-06-02 19:01:57.174
Selectare optiune dupa ID,2020-06-02 21:01:08.203
Stergere candidat,2020-06-02 21:01:08.362
Selectare optiune dupa ID,2020-06-02 21:01:08.367
Selectare facultate dupa ID,2020-06-02 21:01:08.372
Stergere candidat,2020-06-02 21:01:08.376
Selectare optiune dupa ID,2020-06-02 21:01:08.563
Stergere candidat,2020-06-02 21:01:08.574
Selectare optiune dupa ID,2020-06-02 21:01:08.581
Selectare facultate dupa ID,2020-06-02 21:01:08.588
Stergere candidat,2020-06-02 21:01:08.593
Selectare specializare dupa ID,2020-06-02 21:01:14.777
Returnare ultim id adaugat,2020-06-02 21:01:14.784
Selectare note bacalaureat dupa id candidat,2020-06-02 21:01:14.801
Returnare ultim id adaugat,2020-06-02 21:01:14.81
Selectare informatii admitere pentru un anumit candidat,2020-06-02 21:01:14.821
Selectare specializare dupa ID,2020-06-02 21:01:17.018
Selectare specializare dupa ID,2020-06-02 21:01:20.555
Selectare candidati admisi la buget dupa specializare,2020-06-02 21:01:20.572
Selectare optiune dupa ID,2020-06-02 21:49:19.575,http-nio-8080-exec-1
Stergere candidat,2020-06-02 21:49:19.729,http-nio-8080-exec-1
Selectare optiune dupa ID,2020-06-02 21:49:19.734,http-nio-8080-exec-1
Selectare facultate dupa ID,2020-06-02 21:49:19.74,http-nio-8080-exec-1
Stergere candidat,2020-06-02 21:49:19.745,http-nio-8080-exec-1
Selectare optiune dupa ID,2020-06-02 21:49:19.894,http-nio-8080-exec-3
Stergere candidat,2020-06-02 21:49:19.907,http-nio-8080-exec-3
Selectare optiune dupa ID,2020-06-02 21:49:19.916,http-nio-8080-exec-3
Selectare facultate dupa ID,2020-06-02 21:49:19.925,http-nio-8080-exec-3
Stergere candidat,2020-06-02 21:49:19.93,http-nio-8080-exec-3
Selectare specializare dupa ID,2020-06-02 21:49:30.452,http-nio-8080-exec-5
Returnare ultim id adaugat,2020-06-02 21:49:30.459,http-nio-8080-exec-5
Selectare note bacalaureat dupa id candidat,2020-06-02 21:49:30.474,http-nio-8080-exec-5
Returnare ultim id adaugat,2020-06-02 21:49:30.482,http-nio-8080-exec-5
Selectare informatii admitere pentru un anumit candidat,2020-06-02 21:49:30.492,http-nio-8080-exec-5
Adaugare candidat nou,2020-06-02 21:49:45.417,http-nio-8080-exec-7
Adaugare note bacalaureat,2020-06-02 21:49:45.417,http-nio-8080-exec-7
Adaugare informatii admitere,2020-06-02 21:49:45.444,http-nio-8080-exec-7
Selectare specializare dupa ID,2020-06-02 21:49:45.471,http-nio-8080-exec-7
Returnare ultim id adaugat,2020-06-02 21:49:45.486,http-nio-8080-exec-7
Selectare note bacalaureat dupa id candidat,2020-06-02 21:49:45.494,http-nio-8080-exec-7
Returnare ultim id adaugat,2020-06-02 21:49:45.502,http-nio-8080-exec-7
Selectare informatii admitere pentru un anumit candidat,2020-06-02 21:49:45.51,http-nio-8080-exec-7
Selectare candidat dupa nume,2020-06-02 21:49:45.518,http-nio-8080-exec-7
Adaugare optiune noua,2020-06-02 21:49:45.526,http-nio-8080-exec-7
Selectare optiune dupa ID,2020-06-02 22:00:17.28,http-nio-8080-exec-1
Stergere candidat,2020-06-02 22:00:17.44,http-nio-8080-exec-1
Selectare optiune dupa ID,2020-06-02 22:00:17.445,http-nio-8080-exec-1
Selectare facultate dupa ID,2020-06-02 22:00:17.452,http-nio-8080-exec-1
Stergere candidat,2020-06-02 22:00:17.457,http-nio-8080-exec-1
Selectare optiune dupa ID,2020-06-02 22:00:17.577,http-nio-8080-exec-3
Stergere candidat,2020-06-02 22:00:17.59,http-nio-8080-exec-3
Selectare optiune dupa ID,2020-06-02 22:00:17.601,http-nio-8080-exec-3
Selectare facultate dupa ID,2020-06-02 22:00:17.609,http-nio-8080-exec-3
Stergere candidat,2020-06-02 22:00:17.615,http-nio-8080-exec-3
Adaugare facultate noua,2020-06-02 22:00:47.85,http-nio-8080-exec-6
Selectare optiune dupa ID,2020-06-02 22:00:47.85,http-nio-8080-exec-6
Stergere candidat,2020-06-02 22:00:47.856,http-nio-8080-exec-6
Selectare optiune dupa ID,2020-06-02 22:00:47.862,http-nio-8080-exec-6
Selectare facultate dupa ID,2020-06-02 22:00:47.868,http-nio-8080-exec-6
Stergere candidat,2020-06-02 22:00:47.873,http-nio-8080-exec-6
Selectare optiune dupa ID,2020-06-02 22:17:56.603,http-nio-8080-exec-1
Stergere candidat,2020-06-02 22:17:56.766,http-nio-8080-exec-1
Selectare optiune dupa ID,2020-06-02 22:17:56.772,http-nio-8080-exec-1
Selectare facultate dupa ID,2020-06-02 22:17:56.778,http-nio-8080-exec-1
Stergere candidat,2020-06-02 22:17:56.783,http-nio-8080-exec-1
Selectare optiune dupa ID,2020-06-02 22:17:56.935,http-nio-8080-exec-3
Stergere candidat,2020-06-02 22:17:56.942,http-nio-8080-exec-3
Selectare optiune dupa ID,2020-06-02 22:17:56.951,http-nio-8080-exec-3
Selectare facultate dupa ID,2020-06-02 22:17:56.967,http-nio-8080-exec-3
Stergere candidat,2020-06-02 22:17:56.973,http-nio-8080-exec-3
Selectare specializare dupa ID,2020-06-02 22:19:40.434,http-nio-8080-exec-6
Returnare ultim id adaugat,2020-06-02 22:19:40.442,http-nio-8080-exec-6
Selectare note bacalaureat dupa id candidat,2020-06-02 22:19:40.458,http-nio-8080-exec-6
Returnare ultim id adaugat,2020-06-02 22:19:40.467,http-nio-8080-exec-6
Selectare informatii admitere pentru un anumit candidat,2020-06-02 22:19:40.48,http-nio-8080-exec-6
Adaugare note bacalaureat,2020-06-02 22:20:04.253,http-nio-8080-exec-8
Adaugare candidat nou,2020-06-02 22:20:04.253,Adauga candidat nou
Adaugare informatii admitere,2020-06-02 22:20:04.272,http-nio-8080-exec-8
Selectare specializare dupa ID,2020-06-02 22:20:04.299,http-nio-8080-exec-8
Returnare ultim id adaugat,2020-06-02 22:20:04.313,http-nio-8080-exec-8
Selectare note bacalaureat dupa id candidat,2020-06-02 22:20:04.319,http-nio-8080-exec-8
Returnare ultim id adaugat,2020-06-02 22:20:04.327,http-nio-8080-exec-8
Selectare informatii admitere pentru un anumit candidat,2020-06-02 22:20:04.336,http-nio-8080-exec-8
Selectare candidat dupa nume,2020-06-02 22:20:04.344,http-nio-8080-exec-8
Adaugare optiune noua,2020-06-02 22:20:04.364,Adauga aplicatie noua
Selectare specializare dupa ID,2020-06-02 22:42:54.024,http-nio-8080-exec-2
Returnare ultim id adaugat,2020-06-02 22:42:54.031,http-nio-8080-exec-2
Selectare note bacalaureat dupa id candidat,2020-06-02 22:42:54.038,http-nio-8080-exec-2
Returnare ultim id adaugat,2020-06-02 22:42:54.043,http-nio-8080-exec-2
Selectare informatii admitere pentru un anumit candidat,2020-06-02 22:42:54.051,http-nio-8080-exec-2
Selectare optiune dupa ID,2020-06-03 12:42:03.462,http-nio-8080-exec-1
Stergere candidat,2020-06-03 12:42:07.586,http-nio-8080-exec-1
Selectare optiune dupa ID,2020-06-03 12:42:11.605,http-nio-8080-exec-1
Selectare facultate dupa ID,2020-06-03 12:42:15.625,http-nio-8080-exec-1
Stergere candidat,2020-06-03 12:42:19.638,http-nio-8080-exec-1
Selectare optiune dupa ID,2020-06-03 12:42:23.845,http-nio-8080-exec-4
Stergere candidat,2020-06-03 12:42:27.86,http-nio-8080-exec-4
Selectare optiune dupa ID,2020-06-03 12:42:31.881,http-nio-8080-exec-4
Selectare facultate dupa ID,2020-06-03 12:42:35.903,http-nio-8080-exec-4
Stergere candidat,2020-06-03 12:42:39.921,http-nio-8080-exec-4
Selectare optiune dupa ID,2020-06-03 12:59:33.571,http-nio-8080-exec-1
Stergere candidat,2020-06-03 12:59:33.64,http-nio-8080-exec-1
Adaugare facultate noua,2020-06-03 12:59:33.644,Adauga facultate noua
Selectare optiune dupa ID,2020-06-03 12:59:33.644,http-nio-8080-exec-1
Selectare facultate dupa ID,2020-06-03 12:59:33.647,http-nio-8080-exec-1
Stergere candidat,2020-06-03 12:59:33.65,http-nio-8080-exec-1
Selectare optiune dupa ID,2020-06-03 13:01:54.469,http-nio-8080-exec-5
Stergere candidat,2020-06-03 13:01:54.474,http-nio-8080-exec-5
Selectare optiune dupa ID,2020-06-03 13:01:54.477,http-nio-8080-exec-5
Selectare facultate dupa ID,2020-06-03 13:01:54.482,http-nio-8080-exec-5
Adaugare specializare noua,2020-06-03 13:01:54.488,Adauga specializare noua
Selectare optiune dupa ID,2020-06-03 13:06:55.311,http-nio-8080-exec-1
Stergere candidat,2020-06-03 13:06:55.421,http-nio-8080-exec-1
Selectare optiune dupa ID,2020-06-03 13:06:55.425,http-nio-8080-exec-1
Selectare facultate dupa ID,2020-06-03 13:06:55.429,http-nio-8080-exec-1
Stergere candidat,2020-06-03 13:06:55.433,http-nio-8080-exec-1
Selectare optiune dupa ID,2020-06-03 13:06:55.524,http-nio-8080-exec-3
Stergere candidat,2020-06-03 13:06:55.538,http-nio-8080-exec-3
Selectare optiune dupa ID,2020-06-03 13:06:55.547,http-nio-8080-exec-3
Selectare facultate dupa ID,2020-06-03 13:06:55.552,http-nio-8080-exec-3
Stergere candidat,2020-06-03 13:06:55.557,http-nio-8080-exec-3
Selectare optiune dupa ID,2020-06-03 13:07:13.486,http-nio-8080-exec-5
Stergere candidat,2020-06-03 13:07:13.491,http-nio-8080-exec-5
Selectare optiune dupa ID,2020-06-03 13:07:13.494,http-nio-8080-exec-5
Selectare facultate dupa ID,2020-06-03 13:07:13.496,http-nio-8080-exec-5
Stergere candidat,2020-06-03 13:07:13.503,http-nio-8080-exec-5
Adaugare specializare noua,2020-06-03 13:07:13.503,Adauga specializare noua
Selectare optiune dupa ID,2020-06-03 13:08:41.373,http-nio-8080-exec-8
Stergere candidat,2020-06-03 13:08:41.377,http-nio-8080-exec-8
Selectare optiune dupa ID,2020-06-03 13:08:41.381,http-nio-8080-exec-8
Actualizare sala examen,2020-06-03 13:08:41.402,http-nio-8080-exec-8
Selectare facultate dupa ID,2020-06-03 13:08:41.408,http-nio-8080-exec-8
Stergere candidat,2020-06-03 13:08:41.412,http-nio-8080-exec-8
Selectare optiune dupa ID,2020-06-03 13:08:47.014,http-nio-8080-exec-9
Stergere candidat,2020-06-03 13:08:47.021,http-nio-8080-exec-9
Selectare optiune dupa ID,2020-06-03 13:08:47.024,http-nio-8080-exec-9
Actualizare sala examen,2020-06-03 13:08:47.039,http-nio-8080-exec-9
Selectare facultate dupa ID,2020-06-03 13:08:47.043,http-nio-8080-exec-9
Stergere candidat,2020-06-03 13:08:47.048,http-nio-8080-exec-9
Selectare optiune dupa ID,2020-06-03 13:08:58.379,http-nio-8080-exec-1
Update medie admitere,2020-06-03 13:08:58.398,http-nio-8080-exec-1
Stergere candidat,2020-06-03 13:08:58.417,http-nio-8080-exec-1
Selectare optiune dupa ID,2020-06-03 13:08:58.42,http-nio-8080-exec-1
Selectare facultate dupa ID,2020-06-03 13:08:58.423,http-nio-8080-exec-1
Stergere candidat,2020-06-03 13:08:58.427,http-nio-8080-exec-1
Selectare optiune dupa ID,2020-06-03 13:09:03.307,http-nio-8080-exec-2
Update medie admitere,2020-06-03 13:09:03.325,http-nio-8080-exec-2
Stergere candidat,2020-06-03 13:09:03.362,http-nio-8080-exec-2
Selectare optiune dupa ID,2020-06-03 13:09:03.365,http-nio-8080-exec-2
Selectare facultate dupa ID,2020-06-03 13:09:03.368,http-nio-8080-exec-2
Stergere candidat,2020-06-03 13:09:03.37,http-nio-8080-exec-2
Selectare optiune dupa ID,2020-06-03 13:09:30.912,http-nio-8080-exec-5
Stergere candidat,2020-06-03 13:09:30.917,http-nio-8080-exec-5
Selectare optiune dupa ID,2020-06-03 13:09:30.925,http-nio-8080-exec-5
Selectare facultate dupa ID,2020-06-03 13:09:30.928,http-nio-8080-exec-5
Stergere candidat,2020-06-03 13:09:30.931,http-nio-8080-exec-5
Selectare optiune dupa ID,2020-06-03 13:15:09.307,http-nio-8080-exec-1
Stergere candidat,2020-06-03 13:15:09.42,http-nio-8080-exec-1
Stergere optiune dupa ID,2020-06-03 13:15:09.424,http-nio-8080-exec-1
Selectare optiune dupa ID,2020-06-03 13:15:09.433,http-nio-8080-exec-1
Selectare facultate dupa ID,2020-06-03 13:15:09.437,http-nio-8080-exec-1
Stergere candidat,2020-06-03 13:15:09.44,http-nio-8080-exec-1
Selectare optiune dupa ID,2020-06-03 13:15:09.525,http-nio-8080-exec-3
Stergere candidat,2020-06-03 13:15:09.534,http-nio-8080-exec-3
Stergere optiune dupa ID,2020-06-03 13:15:09.54,http-nio-8080-exec-3
Selectare optiune dupa ID,2020-06-03 13:15:09.546,http-nio-8080-exec-3
Selectare facultate dupa ID,2020-06-03 13:15:09.551,http-nio-8080-exec-3
Stergere candidat,2020-06-03 13:15:09.562,http-nio-8080-exec-3
Selectare optiune dupa ID,2020-06-03 13:16:16.549,http-nio-8080-exec-1
Stergere candidat,2020-06-03 13:16:16.658,http-nio-8080-exec-1
Stergere optiune dupa ID,2020-06-03 13:16:16.662,http-nio-8080-exec-1
Selectare optiune dupa ID,2020-06-03 13:16:16.671,http-nio-8080-exec-1
Selectare facultate dupa ID,2020-06-03 13:16:16.675,http-nio-8080-exec-1
Stergere candidat,2020-06-03 13:16:16.678,http-nio-8080-exec-1
Selectare optiune dupa ID,2020-06-03 13:16:16.747,http-nio-8080-exec-3
Stergere candidat,2020-06-03 13:16:16.759,http-nio-8080-exec-3
Stergere optiune dupa ID,2020-06-03 13:16:16.765,http-nio-8080-exec-3
Selectare optiune dupa ID,2020-06-03 13:16:16.772,http-nio-8080-exec-3
Selectare facultate dupa ID,2020-06-03 13:16:16.776,http-nio-8080-exec-3
Stergere candidat,2020-06-03 13:16:16.78,http-nio-8080-exec-3
Selectare optiune dupa ID,2020-06-03 13:17:22.795,http-nio-8080-exec-1
Stergere candidat,2020-06-03 13:17:22.905,http-nio-8080-exec-1
Stergere optiune dupa ID,2020-06-03 13:17:22.909,http-nio-8080-exec-1
Selectare optiune dupa ID,2020-06-03 13:17:22.918,http-nio-8080-exec-1
Selectare facultate dupa ID,2020-06-03 13:17:22.923,http-nio-8080-exec-1
Stergere candidat,2020-06-03 13:17:22.926,http-nio-8080-exec-1
Selectare optiune dupa ID,2020-06-03 13:17:23.023,http-nio-8080-exec-3
Stergere candidat,2020-06-03 13:17:23.036,http-nio-8080-exec-3
Stergere optiune dupa ID,2020-06-03 13:17:23.044,http-nio-8080-exec-3
Selectare optiune dupa ID,2020-06-03 13:17:23.057,http-nio-8080-exec-3
Selectare facultate dupa ID,2020-06-03 13:17:23.064,http-nio-8080-exec-3
Stergere candidat,2020-06-03 13:17:23.07,http-nio-8080-exec-3
Selectare optiune dupa ID,2020-06-03 13:19:46.207,http-nio-8080-exec-1
Stergere candidat,2020-06-03 13:19:46.315,http-nio-8080-exec-1
Stergere optiune dupa ID,2020-06-03 13:19:46.319,http-nio-8080-exec-1
Selectare optiune dupa ID,2020-06-03 13:19:46.329,http-nio-8080-exec-1
Selectare facultate dupa ID,2020-06-03 13:19:46.334,http-nio-8080-exec-1
Stergere candidat,2020-06-03 13:19:46.337,http-nio-8080-exec-1
Selectare optiune dupa ID,2020-06-03 13:19:46.432,http-nio-8080-exec-3
Stergere candidat,2020-06-03 13:19:46.44,http-nio-8080-exec-3
Stergere optiune dupa ID,2020-06-03 13:19:46.447,http-nio-8080-exec-3
Selectare optiune dupa ID,2020-06-03 13:19:46.453,http-nio-8080-exec-3
Selectare facultate dupa ID,2020-06-03 13:19:46.457,http-nio-8080-exec-3
Stergere candidat,2020-06-03 13:19:46.467,http-nio-8080-exec-3
Selectare specializare dupa ID,2020-06-03 13:19:57.507,http-nio-8080-exec-5
Returnare ultim id adaugat,2020-06-03 13:19:57.511,http-nio-8080-exec-5
Selectare note bacalaureat dupa id candidat,2020-06-03 13:19:57.519,http-nio-8080-exec-5
Returnare ultim id adaugat,2020-06-03 13:19:57.524,http-nio-8080-exec-5
Selectare informatii admitere pentru un anumit candidat,2020-06-03 13:19:57.529,http-nio-8080-exec-5
Adaugare note bacalaureat,2020-06-03 13:22:33.607,http-nio-8080-exec-8
Adaugare candidat nou,2020-06-03 13:22:33.607,Adauga candidat nou
Adaugare informatii admitere,2020-06-03 13:22:33.616,http-nio-8080-exec-8
Selectare specializare dupa ID,2020-06-03 13:22:33.624,http-nio-8080-exec-8
Returnare ultim id adaugat,2020-06-03 13:22:33.632,http-nio-8080-exec-8
Selectare note bacalaureat dupa id candidat,2020-06-03 13:22:33.638,http-nio-8080-exec-8
Returnare ultim id adaugat,2020-06-03 13:22:33.641,http-nio-8080-exec-8
Selectare informatii admitere pentru un anumit candidat,2020-06-03 13:22:33.646,http-nio-8080-exec-8
Selectare candidat dupa nume,2020-06-03 13:22:33.65,http-nio-8080-exec-8
Adaugare optiune noua,2020-06-03 13:22:33.662,Adauga aplicatie noua
Selectare optiune dupa ID,2020-06-03 13:23:05.19,http-nio-8080-exec-1
Stergere candidat,2020-06-03 13:23:05.195,http-nio-8080-exec-1
Stergere optiune dupa ID,2020-06-03 13:23:05.198,http-nio-8080-exec-1
Selectare optiune dupa ID,2020-06-03 13:23:05.202,http-nio-8080-exec-1
Selectare facultate dupa ID,2020-06-03 13:23:05.205,http-nio-8080-exec-1
Stergere candidat,2020-06-03 13:23:05.208,http-nio-8080-exec-1
Selectare optiune dupa ID,2020-06-03 13:23:27.414,http-nio-8080-exec-4
Stergere candidat,2020-06-03 13:23:27.42,http-nio-8080-exec-4
Stergere optiune dupa ID,2020-06-03 13:23:27.422,http-nio-8080-exec-4
Selectare optiune dupa ID,2020-06-03 13:23:27.425,http-nio-8080-exec-4
Actualizare sala examen,2020-06-03 13:23:27.441,http-nio-8080-exec-4
Selectare facultate dupa ID,2020-06-03 13:23:27.445,http-nio-8080-exec-4
Stergere candidat,2020-06-03 13:23:27.449,http-nio-8080-exec-4
Selectare optiune dupa ID,2020-06-03 13:23:44.415,http-nio-8080-exec-6
Update medie admitere,2020-06-03 13:23:44.432,http-nio-8080-exec-6
Stergere candidat,2020-06-03 13:23:44.454,http-nio-8080-exec-6
Stergere optiune dupa ID,2020-06-03 13:23:44.456,http-nio-8080-exec-6
Selectare optiune dupa ID,2020-06-03 13:23:44.461,http-nio-8080-exec-6
Selectare facultate dupa ID,2020-06-03 13:23:44.464,http-nio-8080-exec-6
Stergere candidat,2020-06-03 13:23:44.466,http-nio-8080-exec-6
Selectare optiune dupa ID,2020-06-03 13:26:48.114,http-nio-8080-exec-9
Stergere candidat,2020-06-03 13:26:48.119,http-nio-8080-exec-9
Stergere optiune dupa ID,2020-06-03 13:26:48.123,http-nio-8080-exec-9
Selectare optiune dupa ID,2020-06-03 13:26:48.127,http-nio-8080-exec-9
Selectare facultate dupa ID,2020-06-03 13:26:48.129,http-nio-8080-exec-9
Stergere candidat,2020-06-03 13:26:48.132,http-nio-8080-exec-9
Selectare optiune dupa ID,2020-06-03 13:27:17.386,http-nio-8080-exec-2
Stergere candidat,2020-06-03 13:27:17.392,http-nio-8080-exec-2
Stergere optiune dupa ID,2020-06-03 13:27:17.395,http-nio-8080-exec-2
Selectare optiune dupa ID,2020-06-03 13:27:17.4,http-nio-8080-exec-2
Selectare facultate dupa ID,2020-06-03 13:27:17.403,http-nio-8080-exec-2
Stergere candidat,2020-06-03 13:27:17.407,http-nio-8080-exec-2
Selectare optiune dupa ID,2020-06-03 13:32:52.615,http-nio-8080-exec-1
Stergere candidat,2020-06-03 13:32:52.729,http-nio-8080-exec-1
Stergere optiune dupa ID,2020-06-03 13:32:52.733,http-nio-8080-exec-1
Selectare optiune dupa ID,2020-06-03 13:32:52.741,http-nio-8080-exec-1
Selectare facultate dupa ID,2020-06-03 13:32:52.746,http-nio-8080-exec-1
Stergere candidat,2020-06-03 13:32:52.749,http-nio-8080-exec-1
Selectare optiune dupa ID,2020-06-03 13:32:52.831,http-nio-8080-exec-3
Stergere candidat,2020-06-03 13:32:52.841,http-nio-8080-exec-3
Stergere optiune dupa ID,2020-06-03 13:32:52.852,http-nio-8080-exec-3
Selectare optiune dupa ID,2020-06-03 13:32:52.859,http-nio-8080-exec-3
Selectare facultate dupa ID,2020-06-03 13:32:52.863,http-nio-8080-exec-3
Stergere candidat,2020-06-03 13:32:52.867,http-nio-8080-exec-3
Selectare optiune dupa ID,2020-06-03 13:34:17.946,http-nio-8080-exec-6
Stergere candidat,2020-06-03 13:34:17.951,http-nio-8080-exec-6
Stergere optiune dupa ID,2020-06-03 13:34:17.953,http-nio-8080-exec-6
Selectare optiune dupa ID,2020-06-03 13:34:17.956,http-nio-8080-exec-6
Selectare facultate dupa ID,2020-06-03 13:34:17.96,http-nio-8080-exec-6
Stergere candidat,2020-06-03 13:34:17.965,http-nio-8080-exec-6
Selectare optiune dupa ID,2020-06-03 13:40:20.284,http-nio-8080-exec-9
Stergere candidat,2020-06-03 13:40:20.289,http-nio-8080-exec-9
Stergere optiune dupa ID,2020-06-03 13:40:20.292,http-nio-8080-exec-9
Selectare optiune dupa ID,2020-06-03 13:40:20.295,http-nio-8080-exec-9
Selectare facultate dupa ID,2020-06-03 13:40:20.299,http-nio-8080-exec-9
Stergere candidat,2020-06-03 13:40:20.302,http-nio-8080-exec-9
Selectare optiune dupa ID,2020-06-03 13:41:43.79,http-nio-8080-exec-1
Stergere candidat,2020-06-03 13:41:43.908,http-nio-8080-exec-1
Stergere optiune dupa ID,2020-06-03 13:41:43.913,http-nio-8080-exec-1
Selectare optiune dupa ID,2020-06-03 13:41:43.916,http-nio-8080-exec-1
Selectare facultate dupa ID,2020-06-03 13:41:43.921,http-nio-8080-exec-1
Stergere candidat,2020-06-03 13:41:43.924,http-nio-8080-exec-1
Selectare optiune dupa ID,2020-06-03 13:41:44.016,http-nio-8080-exec-4
Stergere candidat,2020-06-03 13:41:44.028,http-nio-8080-exec-4
Stergere optiune dupa ID,2020-06-03 13:41:44.032,http-nio-8080-exec-4
Selectare optiune dupa ID,2020-06-03 13:41:44.038,http-nio-8080-exec-4
Selectare facultate dupa ID,2020-06-03 13:41:44.043,http-nio-8080-exec-4
Stergere candidat,2020-06-03 13:41:44.048,http-nio-8080-exec-4
Selectare optiune dupa ID,2020-06-03 13:41:47.586,http-nio-8080-exec-5
Stergere candidat,2020-06-03 13:41:47.592,http-nio-8080-exec-5
Stergere optiune dupa ID,2020-06-03 13:41:47.595,http-nio-8080-exec-5
Selectare optiune dupa ID,2020-06-03 13:41:47.598,http-nio-8080-exec-5
Selectare facultate dupa ID,2020-06-03 13:41:47.601,http-nio-8080-exec-5
Stergere candidat,2020-06-03 13:41:47.605,http-nio-8080-exec-5
Selectare specializare dupa ID,2020-06-03 13:44:04.61,http-nio-8080-exec-8
Returnare ultim id adaugat,2020-06-03 13:44:04.614,http-nio-8080-exec-8
Selectare note bacalaureat dupa id candidat,2020-06-03 13:44:04.621,http-nio-8080-exec-8
Returnare ultim id adaugat,2020-06-03 13:44:04.625,http-nio-8080-exec-8
Selectare informatii admitere pentru un anumit candidat,2020-06-03 13:44:04.63,http-nio-8080-exec-8
Selectare specializare dupa ID,2020-06-03 13:44:06.398,http-nio-8080-exec-9
Selectare specializare dupa ID,2020-06-03 13:44:09.308,http-nio-8080-exec-10
Selectare candidati admisi la buget dupa specializare,2020-06-03 13:44:09.32,http-nio-8080-exec-10
Selectare specializare dupa ID,2020-06-03 13:44:31.042,http-nio-8080-exec-4
Returnare ultim id adaugat,2020-06-03 13:44:31.045,http-nio-8080-exec-4
Selectare note bacalaureat dupa id candidat,2020-06-03 13:44:31.051,http-nio-8080-exec-4
Returnare ultim id adaugat,2020-06-03 13:44:31.054,http-nio-8080-exec-4
Selectare informatii admitere pentru un anumit candidat,2020-06-03 13:44:31.057,http-nio-8080-exec-4
Selectare specializare dupa ID,2020-06-03 13:44:42.28,http-nio-8080-exec-6
Selectare specializare dupa ID,2020-06-03 13:44:49.313,http-nio-8080-exec-7
Selectare candidati admisi la buget dupa specializare,2020-06-03 13:44:49.32,http-nio-8080-exec-7
Selectare specializare dupa ID,2020-06-03 14:01:20.123,http-nio-8080-exec-10
Selectare candidati admisi la buget dupa specializare,2020-06-03 14:01:20.128,http-nio-8080-exec-10
Selectare specializare dupa ID,2020-06-03 14:01:25.456,http-nio-8080-exec-2
Selectare specializare dupa ID,2020-06-03 14:01:27.375,http-nio-8080-exec-1
Selectare specializare dupa ID,2020-06-03 14:01:30.38,http-nio-8080-exec-4
Selectare candidati admisi la taxa dupa specializare,2020-06-03 14:01:30.387,http-nio-8080-exec-4
Selectare specializare dupa ID,2020-06-03 14:01:39.318,http-nio-8080-exec-5
Selectare specializare dupa ID,2020-06-03 14:01:41.176,http-nio-8080-exec-7
Selectare candidati respinsi dupa specializare,2020-06-03 14:01:41.183,http-nio-8080-exec-7
Selectare specializare dupa ID,2020-06-03 14:01:44.536,http-nio-8080-exec-8
Returnare ultim id adaugat,2020-06-03 14:01:44.541,http-nio-8080-exec-8
Selectare note bacalaureat dupa id candidat,2020-06-03 14:01:44.546,http-nio-8080-exec-8
Returnare ultim id adaugat,2020-06-03 14:01:44.551,http-nio-8080-exec-8
Selectare informatii admitere pentru un anumit candidat,2020-06-03 14:01:44.556,http-nio-8080-exec-8
Selectare optiune dupa ID,2020-06-03 14:01:47.539,http-nio-8080-exec-9
Stergere candidat,2020-06-03 14:01:47.541,http-nio-8080-exec-9
Stergere optiune dupa ID,2020-06-03 14:01:47.545,http-nio-8080-exec-9
Selectare optiune dupa ID,2020-06-03 14:01:47.549,http-nio-8080-exec-9
Selectare facultate dupa ID,2020-06-03 14:01:47.551,http-nio-8080-exec-9
Stergere candidat,2020-06-03 14:01:47.553,http-nio-8080-exec-9
Selectare specializare dupa ID,2020-06-03 14:02:09.455,http-nio-8080-exec-1
Returnare ultim id adaugat,2020-06-03 14:02:09.466,http-nio-8080-exec-1
Selectare note bacalaureat dupa id candidat,2020-06-03 14:02:09.475,http-nio-8080-exec-1
Returnare ultim id adaugat,2020-06-03 14:02:09.498,http-nio-8080-exec-1
Selectare informatii admitere pentru un anumit candidat,2020-06-03 14:02:09.501,http-nio-8080-exec-1
Adaugare note bacalaureat,2020-06-03 14:02:44.165,http-nio-8080-exec-7
Adaugare candidat nou,2020-06-03 14:02:44.165,Adauga candidat nou
Adaugare informatii admitere,2020-06-03 14:02:44.171,http-nio-8080-exec-7
Selectare specializare dupa ID,2020-06-03 14:02:44.179,http-nio-8080-exec-7
Returnare ultim id adaugat,2020-06-03 14:02:44.183,http-nio-8080-exec-7
Selectare note bacalaureat dupa id candidat,2020-06-03 14:02:44.186,http-nio-8080-exec-7
Returnare ultim id adaugat,2020-06-03 14:02:44.188,http-nio-8080-exec-7
Selectare informatii admitere pentru un anumit candidat,2020-06-03 14:02:44.192,http-nio-8080-exec-7
Selectare candidat dupa nume,2020-06-03 14:02:44.194,http-nio-8080-exec-7
Adaugare optiune noua,2020-06-03 14:02:44.202,Adauga aplicatie noua
Selectare specializare dupa ID,2020-06-03 14:04:53.052,http-nio-8080-exec-10
Returnare ultim id adaugat,2020-06-03 14:04:53.057,http-nio-8080-exec-10
Selectare note bacalaureat dupa id candidat,2020-06-03 14:04:53.062,http-nio-8080-exec-10
Returnare ultim id adaugat,2020-06-03 14:04:53.065,http-nio-8080-exec-10
Selectare informatii admitere pentru un anumit candidat,2020-06-03 14:04:53.07,http-nio-8080-exec-10
Selectare optiune dupa ID,2020-06-03 14:04:54.869,http-nio-8080-exec-2
Stergere candidat,2020-06-03 14:04:54.874,http-nio-8080-exec-2
Stergere optiune dupa ID,2020-06-03 14:04:54.877,http-nio-8080-exec-2
Selectare optiune dupa ID,2020-06-03 14:04:54.879,http-nio-8080-exec-2
Selectare facultate dupa ID,2020-06-03 14:04:54.881,http-nio-8080-exec-2
Stergere candidat,2020-06-03 14:04:54.883,http-nio-8080-exec-2
Selectare optiune dupa ID,2020-06-03 14:04:59.103,http-nio-8080-exec-1
Stergere candidat,2020-06-03 14:04:59.107,http-nio-8080-exec-1
Stergere optiune dupa ID,2020-06-03 14:04:59.115,http-nio-8080-exec-1
Selectare optiune dupa ID,2020-06-03 14:04:59.118,http-nio-8080-exec-1
Selectare facultate dupa ID,2020-06-03 14:04:59.122,http-nio-8080-exec-1
Stergere candidat,2020-06-03 14:04:59.126,http-nio-8080-exec-1
Selectare optiune dupa ID,2020-06-03 14:10:44.647,http-nio-8080-exec-2
Stergere candidat,2020-06-03 14:10:44.76,http-nio-8080-exec-2
Stergere optiune dupa ID,2020-06-03 14:10:44.76,http-nio-8080-exec-2
Selectare optiune dupa ID,2020-06-03 14:10:44.776,http-nio-8080-exec-2
Selectare facultate dupa ID,2020-06-03 14:10:44.776,http-nio-8080-exec-2
Stergere candidat,2020-06-03 14:10:44.776,http-nio-8080-exec-2
Selectare optiune dupa ID,2020-06-03 14:10:44.872,http-nio-8080-exec-3
Stergere candidat,2020-06-03 14:10:44.884,http-nio-8080-exec-3
Stergere optiune dupa ID,2020-06-03 14:10:44.891,http-nio-8080-exec-3
Selectare optiune dupa ID,2020-06-03 14:10:44.896,http-nio-8080-exec-3
Selectare facultate dupa ID,2020-06-03 14:10:44.9,http-nio-8080-exec-3
Stergere candidat,2020-06-03 14:10:44.905,http-nio-8080-exec-3
Selectare specializare dupa ID,2020-06-03 14:12:31.094,http-nio-8080-exec-6
Returnare ultim id adaugat,2020-06-03 14:12:31.099,http-nio-8080-exec-6
Selectare note bacalaureat dupa id candidat,2020-06-03 14:12:31.107,http-nio-8080-exec-6
Returnare ultim id adaugat,2020-06-03 14:12:31.112,http-nio-8080-exec-6
Selectare informatii admitere pentru un anumit candidat,2020-06-03 14:12:31.118,http-nio-8080-exec-6
Adaugare note bacalaureat,2020-06-03 14:12:45.287,http-nio-8080-exec-8
Adaugare candidat nou,2020-06-03 14:12:45.287,Adauga candidat nou
Adaugare informatii admitere,2020-06-03 14:12:45.299,http-nio-8080-exec-8
Selectare specializare dupa ID,2020-06-03 14:12:45.307,http-nio-8080-exec-8
Returnare ultim id adaugat,2020-06-03 14:12:45.316,http-nio-8080-exec-8
Selectare note bacalaureat dupa id candidat,2020-06-03 14:12:45.319,http-nio-8080-exec-8
Returnare ultim id adaugat,2020-06-03 14:12:45.322,http-nio-8080-exec-8
Selectare informatii admitere pentru un anumit candidat,2020-06-03 14:12:45.326,http-nio-8080-exec-8
Selectare optiune dupa ID,2020-06-03 14:13:05.985,http-nio-8080-exec-2
Stergere candidat,2020-06-03 14:13:05.989,http-nio-8080-exec-2
Stergere optiune dupa ID,2020-06-03 14:13:05.994,http-nio-8080-exec-2
Selectare optiune dupa ID,2020-06-03 14:13:05.997,http-nio-8080-exec-2
Selectare facultate dupa ID,2020-06-03 14:13:05.999,http-nio-8080-exec-2
Stergere candidat,2020-06-03 14:13:06.002,http-nio-8080-exec-2
Selectare optiune dupa ID,2020-06-03 17:12:48.797,http-nio-8080-exec-1
Stergere candidat,2020-06-03 17:12:49.054,http-nio-8080-exec-1
Stergere optiune dupa ID,2020-06-03 17:12:49.076,http-nio-8080-exec-1
Selectare optiune dupa ID,2020-06-03 17:12:49.081,http-nio-8080-exec-1
Selectare facultate dupa ID,2020-06-03 17:12:49.088,http-nio-8080-exec-1
Stergere candidat,2020-06-03 17:12:49.101,http-nio-8080-exec-1
Selectare optiune dupa ID,2020-06-03 17:12:49.402,http-nio-8080-exec-2
Stergere candidat,2020-06-03 17:12:49.415,http-nio-8080-exec-2
Stergere optiune dupa ID,2020-06-03 17:12:49.421,http-nio-8080-exec-2
Selectare optiune dupa ID,2020-06-03 17:12:49.428,http-nio-8080-exec-2
Selectare facultate dupa ID,2020-06-03 17:12:49.434,http-nio-8080-exec-2
Stergere candidat,2020-06-03 17:12:49.441,http-nio-8080-exec-2
Selectare specializare dupa ID,2020-06-03 17:12:55.254,http-nio-8080-exec-5
Returnare ultim id adaugat,2020-06-03 17:12:55.267,http-nio-8080-exec-5
Selectare note bacalaureat dupa id candidat,2020-06-03 17:12:55.303,http-nio-8080-exec-5
Returnare ultim id adaugat,2020-06-03 17:12:55.315,http-nio-8080-exec-5
Selectare informatii admitere pentru un anumit candidat,2020-06-03 17:12:55.343,http-nio-8080-exec-5
Selectare specializare dupa ID,2020-06-03 17:12:57.878,http-nio-8080-exec-6
Selectare specializare dupa ID,2020-06-03 17:13:01.488,http-nio-8080-exec-8
Selectare candidati admisi la buget dupa specializare,2020-06-03 17:13:01.505,http-nio-8080-exec-8
Selectare specializare dupa ID,2020-06-03 17:13:06.605,http-nio-8080-exec-9
Returnare ultim id adaugat,2020-06-03 17:13:06.611,http-nio-8080-exec-9
Selectare note bacalaureat dupa id candidat,2020-06-03 17:13:06.618,http-nio-8080-exec-9
Returnare ultim id adaugat,2020-06-03 17:13:06.623,http-nio-8080-exec-9
Selectare informatii admitere pentru un anumit candidat,2020-06-03 17:13:06.632,http-nio-8080-exec-9
Selectare specializare dupa ID,2020-06-03 17:13:08.525,http-nio-8080-exec-10
Selectare specializare dupa ID,2020-06-03 17:13:11.61,http-nio-8080-exec-4
Selectare candidati admisi la taxa dupa specializare,2020-06-03 17:13:11.62,http-nio-8080-exec-4
Selectare specializare dupa ID,2020-06-03 17:13:13.813,http-nio-8080-exec-2
Returnare ultim id adaugat,2020-06-03 17:13:13.817,http-nio-8080-exec-2
Selectare note bacalaureat dupa id candidat,2020-06-03 17:13:13.827,http-nio-8080-exec-2
Returnare ultim id adaugat,2020-06-03 17:13:13.831,http-nio-8080-exec-2
Selectare informatii admitere pentru un anumit candidat,2020-06-03 17:13:13.837,http-nio-8080-exec-2
Selectare specializare dupa ID,2020-06-03 17:13:15.898,http-nio-8080-exec-3
Selectare specializare dupa ID,2020-06-03 17:13:18.892,http-nio-8080-exec-5
Selectare candidati respinsi dupa specializare,2020-06-03 17:13:18.9,http-nio-8080-exec-5
Selectare specializare dupa ID,2020-06-03 17:13:19.168,http-nio-8080-exec-6
Selectare candidati respinsi dupa specializare,2020-06-03 17:13:19.212,http-nio-8080-exec-6
Selectare specializare dupa ID,2020-06-03 17:13:21.517,http-nio-8080-exec-7
Returnare ultim id adaugat,2020-06-03 17:13:21.521,http-nio-8080-exec-7
Selectare note bacalaureat dupa id candidat,2020-06-03 17:13:21.529,http-nio-8080-exec-7
Returnare ultim id adaugat,2020-06-03 17:13:21.533,http-nio-8080-exec-7
Selectare informatii admitere pentru un anumit candidat,2020-06-03 17:13:21.54,http-nio-8080-exec-7
Adaugare note bacalaureat,2020-06-03 17:13:34.282,http-nio-8080-exec-9
Adaugare candidat nou,2020-06-03 17:13:34.283,Adauga candidat nou
Adaugare informatii admitere,2020-06-03 17:13:34.303,http-nio-8080-exec-9
Selectare specializare dupa ID,2020-06-03 17:13:34.315,http-nio-8080-exec-9
Returnare ultim id adaugat,2020-06-03 17:13:34.323,http-nio-8080-exec-9
Selectare note bacalaureat dupa id candidat,2020-06-03 17:13:34.328,http-nio-8080-exec-9
Returnare ultim id adaugat,2020-06-03 17:13:34.332,http-nio-8080-exec-9
Selectare informatii admitere pentru un anumit candidat,2020-06-03 17:13:34.339,http-nio-8080-exec-9
Adaugare note bacalaureat,2020-06-03 17:16:37.336,http-nio-8080-exec-4
Adaugare candidat nou,2020-06-03 17:16:37.336,Adauga candidat nou
Adaugare informatii admitere,2020-06-03 17:16:37.378,http-nio-8080-exec-4
Selectare specializare dupa ID,2020-06-03 17:16:37.391,http-nio-8080-exec-4
Returnare ultim id adaugat,2020-06-03 17:16:37.398,http-nio-8080-exec-4
Selectare note bacalaureat dupa id candidat,2020-06-03 17:16:37.404,http-nio-8080-exec-4
Returnare ultim id adaugat,2020-06-03 17:16:37.421,http-nio-8080-exec-4
Selectare informatii admitere pentru un anumit candidat,2020-06-03 17:16:37.428,http-nio-8080-exec-4
Selectare optiune dupa ID,2020-06-03 17:19:05.573,http-nio-8080-exec-1
Stergere candidat,2020-06-03 17:19:05.733,http-nio-8080-exec-1
Stergere optiune dupa ID,2020-06-03 17:19:05.738,http-nio-8080-exec-1
Selectare optiune dupa ID,2020-06-03 17:19:05.744,http-nio-8080-exec-1
Selectare facultate dupa ID,2020-06-03 17:19:05.752,http-nio-8080-exec-1
Stergere candidat,2020-06-03 17:19:05.758,http-nio-8080-exec-1
Selectare optiune dupa ID,2020-06-03 17:19:05.872,http-nio-8080-exec-3
Stergere candidat,2020-06-03 17:19:05.888,http-nio-8080-exec-3
Stergere optiune dupa ID,2020-06-03 17:19:05.897,http-nio-8080-exec-3
Selectare optiune dupa ID,2020-06-03 17:19:05.904,http-nio-8080-exec-3
Selectare facultate dupa ID,2020-06-03 17:19:05.91,http-nio-8080-exec-3
Stergere candidat,2020-06-03 17:19:05.916,http-nio-8080-exec-3
Selectare specializare dupa ID,2020-06-03 17:19:07.916,http-nio-8080-exec-4
Returnare ultim id adaugat,2020-06-03 17:19:07.927,http-nio-8080-exec-4
Selectare note bacalaureat dupa id candidat,2020-06-03 17:19:07.94,http-nio-8080-exec-4
Returnare ultim id adaugat,2020-06-03 17:19:07.947,http-nio-8080-exec-4
Selectare informatii admitere pentru un anumit candidat,2020-06-03 17:19:07.955,http-nio-8080-exec-4
Adaugare note bacalaureat,2020-06-03 17:19:17.799,http-nio-8080-exec-6
Adaugare candidat nou,2020-06-03 17:19:17.799,Adauga candidat nou
Adaugare informatii admitere,2020-06-03 17:19:17.817,http-nio-8080-exec-6
Selectare specializare dupa ID,2020-06-03 17:19:17.833,http-nio-8080-exec-6
Returnare ultim id adaugat,2020-06-03 17:19:17.848,http-nio-8080-exec-6
Selectare note bacalaureat dupa id candidat,2020-06-03 17:19:17.855,http-nio-8080-exec-6
Returnare ultim id adaugat,2020-06-03 17:19:17.861,http-nio-8080-exec-6
Selectare informatii admitere pentru un anumit candidat,2020-06-03 17:19:17.868,http-nio-8080-exec-6
Selectare candidat dupa nume,2020-06-03 17:19:17.877,http-nio-8080-exec-6
Adaugare optiune noua,2020-06-03 17:19:17.895,Adauga aplicatie noua
Selectare optiune dupa ID,2020-06-03 17:19:49.623,http-nio-8080-exec-9
Stergere candidat,2020-06-03 17:19:49.63,http-nio-8080-exec-9
Stergere optiune dupa ID,2020-06-03 17:19:49.635,http-nio-8080-exec-9
Selectare optiune dupa ID,2020-06-03 17:19:49.643,http-nio-8080-exec-9
Selectare facultate dupa ID,2020-06-03 17:19:49.647,http-nio-8080-exec-9
Stergere candidat,2020-06-03 17:19:49.652,http-nio-8080-exec-9
Selectare optiune dupa ID,2020-06-03 17:20:00.614,http-nio-8080-exec-1
Stergere candidat,2020-06-03 17:20:00.62,http-nio-8080-exec-1
Stergere optiune dupa ID,2020-06-03 17:20:00.625,http-nio-8080-exec-1
Selectare optiune dupa ID,2020-06-03 17:20:00.63,http-nio-8080-exec-1
Actualizare sala examen,2020-06-03 17:20:00.658,http-nio-8080-exec-1
Selectare facultate dupa ID,2020-06-03 17:20:00.665,http-nio-8080-exec-1
Stergere candidat,2020-06-03 17:20:00.671,http-nio-8080-exec-1
Selectare optiune dupa ID,2020-06-03 17:20:07.086,http-nio-8080-exec-2
Update medie admitere,2020-06-03 17:20:07.115,http-nio-8080-exec-2
Stergere candidat,2020-06-03 17:20:07.151,http-nio-8080-exec-2
Stergere optiune dupa ID,2020-06-03 17:20:07.157,http-nio-8080-exec-2
Selectare optiune dupa ID,2020-06-03 17:20:07.161,http-nio-8080-exec-2
Selectare facultate dupa ID,2020-06-03 17:20:07.166,http-nio-8080-exec-2
Stergere candidat,2020-06-03 17:20:07.172,http-nio-8080-exec-2
Selectare optiune dupa ID,2020-06-03 17:20:31.607,http-nio-8080-exec-5
Stergere candidat,2020-06-03 17:20:31.613,http-nio-8080-exec-5
Stergere optiune dupa ID,2020-06-03 17:20:31.619,http-nio-8080-exec-5
Selectare optiune dupa ID,2020-06-03 17:20:31.625,http-nio-8080-exec-5
Selectare facultate dupa ID,2020-06-03 17:20:31.632,http-nio-8080-exec-5
Stergere candidat,2020-06-03 17:20:31.639,http-nio-8080-exec-5
Selectare specializare dupa ID,2020-06-03 17:20:40.911,http-nio-8080-exec-6
Returnare ultim id adaugat,2020-06-03 17:20:40.918,http-nio-8080-exec-6
Selectare note bacalaureat dupa id candidat,2020-06-03 17:20:40.925,http-nio-8080-exec-6
Returnare ultim id adaugat,2020-06-03 17:20:40.93,http-nio-8080-exec-6
Selectare informatii admitere pentru un anumit candidat,2020-06-03 17:20:40.939,http-nio-8080-exec-6
Adaugare note bacalaureat,2020-06-03 17:20:50.415,http-nio-8080-exec-8
Adaugare candidat nou,2020-06-03 17:20:50.416,Adauga candidat nou
Adaugare informatii admitere,2020-06-03 17:20:50.429,http-nio-8080-exec-8
Selectare specializare dupa ID,2020-06-03 17:20:50.442,http-nio-8080-exec-8
Returnare ultim id adaugat,2020-06-03 17:20:50.452,http-nio-8080-exec-8
Selectare note bacalaureat dupa id candidat,2020-06-03 17:20:50.459,http-nio-8080-exec-8
Returnare ultim id adaugat,2020-06-03 17:20:50.464,http-nio-8080-exec-8
Selectare informatii admitere pentru un anumit candidat,2020-06-03 17:20:50.471,http-nio-8080-exec-8
Selectare optiune dupa ID,2020-06-03 17:26:05.374,http-nio-8080-exec-1
Stergere candidat,2020-06-03 17:26:05.649,http-nio-8080-exec-1
Stergere optiune dupa ID,2020-06-03 17:26:05.656,http-nio-8080-exec-1
Selectare optiune dupa ID,2020-06-03 17:26:05.662,http-nio-8080-exec-1
Selectare facultate dupa ID,2020-06-03 17:26:05.671,http-nio-8080-exec-1
Stergere candidat,2020-06-03 17:26:05.677,http-nio-8080-exec-1
Selectare optiune dupa ID,2020-06-03 17:26:05.795,http-nio-8080-exec-4
Stergere candidat,2020-06-03 17:26:05.801,http-nio-8080-exec-4
Stergere optiune dupa ID,2020-06-03 17:26:05.807,http-nio-8080-exec-4
Selectare optiune dupa ID,2020-06-03 17:26:05.814,http-nio-8080-exec-4
Selectare facultate dupa ID,2020-06-03 17:26:05.821,http-nio-8080-exec-4
Stergere candidat,2020-06-03 17:26:05.826,http-nio-8080-exec-4
Selectare specializare dupa ID,2020-06-03 17:26:10.147,http-nio-8080-exec-6
Returnare ultim id adaugat,2020-06-03 17:26:10.154,http-nio-8080-exec-6
Selectare note bacalaureat dupa id candidat,2020-06-03 17:26:10.171,http-nio-8080-exec-6
Returnare ultim id adaugat,2020-06-03 17:26:10.177,http-nio-8080-exec-6
Selectare informatii admitere pentru un anumit candidat,2020-06-03 17:26:10.197,http-nio-8080-exec-6
Adaugare candidat nou,2020-06-03 17:26:19.623,Adauga candidat nou
Adaugare note bacalaureat,2020-06-03 17:26:19.624,http-nio-8080-exec-5
Adaugare informatii admitere,2020-06-03 17:26:19.643,http-nio-8080-exec-5
Selectare specializare dupa ID,2020-06-03 17:26:19.658,http-nio-8080-exec-5
Returnare ultim id adaugat,2020-06-03 17:26:19.672,http-nio-8080-exec-5
Selectare note bacalaureat dupa id candidat,2020-06-03 17:26:19.68,http-nio-8080-exec-5
Returnare ultim id adaugat,2020-06-03 17:26:19.685,http-nio-8080-exec-5
Selectare informatii admitere pentru un anumit candidat,2020-06-03 17:26:19.694,http-nio-8080-exec-5
Selectare optiune dupa ID,2020-06-03 17:38:04.767,http-nio-8080-exec-1
Stergere candidat,2020-06-03 17:38:04.922,http-nio-8080-exec-1
Stergere optiune dupa ID,2020-06-03 17:38:04.928,http-nio-8080-exec-1
Stergere note bacalaureat,2020-06-03 17:38:04.934,http-nio-8080-exec-1
Stergere informatii admitere,2020-06-03 17:38:04.939,http-nio-8080-exec-1
Selectare optiune dupa ID,2020-06-03 17:38:04.944,http-nio-8080-exec-1
Selectare facultate dupa ID,2020-06-03 17:38:04.95,http-nio-8080-exec-1
Stergere candidat,2020-06-03 17:38:04.955,http-nio-8080-exec-1
Selectare optiune dupa ID,2020-06-03 17:38:05.068,http-nio-8080-exec-3
Stergere candidat,2020-06-03 17:38:05.076,http-nio-8080-exec-3
Stergere optiune dupa ID,2020-06-03 17:38:05.086,http-nio-8080-exec-3
Stergere note bacalaureat,2020-06-03 17:38:05.091,http-nio-8080-exec-3
Stergere informatii admitere,2020-06-03 17:38:05.097,http-nio-8080-exec-3
Selectare optiune dupa ID,2020-06-03 17:38:05.101,http-nio-8080-exec-3
Selectare facultate dupa ID,2020-06-03 17:38:05.105,http-nio-8080-exec-3
Stergere candidat,2020-06-03 17:38:05.11,http-nio-8080-exec-3
Selectare specializare dupa ID,2020-06-03 17:38:37.07,http-nio-8080-exec-6
Returnare ultim id adaugat,2020-06-03 17:38:37.077,http-nio-8080-exec-6
Selectare note bacalaureat dupa id candidat,2020-06-03 17:38:37.094,http-nio-8080-exec-6
Returnare ultim id adaugat,2020-06-03 17:38:37.102,http-nio-8080-exec-6
Selectare informatii admitere pentru un anumit candidat,2020-06-03 17:38:37.111,http-nio-8080-exec-6
Adaugare note bacalaureat,2020-06-03 17:38:45.947,http-nio-8080-exec-7
Adaugare candidat nou,2020-06-03 17:38:45.947,Adauga candidat nou
Adaugare informatii admitere,2020-06-03 17:38:45.963,http-nio-8080-exec-7
Selectare specializare dupa ID,2020-06-03 17:38:45.987,http-nio-8080-exec-7
Returnare ultim id adaugat,2020-06-03 17:38:46.003,http-nio-8080-exec-7
Selectare note bacalaureat dupa id candidat,2020-06-03 17:38:46.011,http-nio-8080-exec-7
Returnare ultim id adaugat,2020-06-03 17:38:46.017,http-nio-8080-exec-7
Selectare informatii admitere pentru un anumit candidat,2020-06-03 17:38:46.026,http-nio-8080-exec-7
Selectare candidat dupa nume,2020-06-03 17:38:46.033,http-nio-8080-exec-7
Adaugare optiune noua,2020-06-03 17:38:46.053,Adauga aplicatie noua
Adaugare note bacalaureat,2020-06-03 17:39:05.958,http-nio-8080-exec-9
Adaugare candidat nou,2020-06-03 17:39:05.958,Adauga candidat nou
Adaugare informatii admitere,2020-06-03 17:39:05.976,http-nio-8080-exec-9
Selectare specializare dupa ID,2020-06-03 17:39:05.992,http-nio-8080-exec-9
Returnare ultim id adaugat,2020-06-03 17:39:06.0,http-nio-8080-exec-9
Selectare note bacalaureat dupa id candidat,2020-06-03 17:39:06.01,http-nio-8080-exec-9
Returnare ultim id adaugat,2020-06-03 17:39:06.015,http-nio-8080-exec-9
Selectare informatii admitere pentru un anumit candidat,2020-06-03 17:39:06.022,http-nio-8080-exec-9
Selectare candidat dupa nume,2020-06-03 17:39:06.027,http-nio-8080-exec-9
Adaugare optiune noua,2020-06-03 17:39:06.041,Adauga aplicatie noua
Selectare optiune dupa ID,2020-06-03 17:39:22.475,http-nio-8080-exec-1
Stergere candidat,2020-06-03 17:39:22.481,http-nio-8080-exec-1
Stergere optiune dupa ID,2020-06-03 17:39:22.487,http-nio-8080-exec-1
Stergere note bacalaureat,2020-06-03 17:39:22.492,http-nio-8080-exec-1
Stergere informatii admitere,2020-06-03 17:39:22.496,http-nio-8080-exec-1
Selectare optiune dupa ID,2020-06-03 17:39:22.501,http-nio-8080-exec-1
Selectare facultate dupa ID,2020-06-03 17:39:22.509,http-nio-8080-exec-1
Stergere candidat,2020-06-03 17:39:22.514,http-nio-8080-exec-1
Selectare optiune dupa ID,2020-06-03 17:39:28.964,http-nio-8080-exec-2
Stergere candidat,2020-06-03 17:39:28.971,http-nio-8080-exec-2
Stergere optiune dupa ID,2020-06-03 17:39:28.977,http-nio-8080-exec-2
Stergere note bacalaureat,2020-06-03 17:39:28.983,http-nio-8080-exec-2
Stergere informatii admitere,2020-06-03 17:39:28.99,http-nio-8080-exec-2
Stergere optiune dupa ID,2020-06-03 17:39:28.995,http-nio-8080-exec-2
Stergere note bacalaureat,2020-06-03 17:39:29.001,http-nio-8080-exec-2
Stergere informatii admitere,2020-06-03 17:39:29.008,http-nio-8080-exec-2
Stergere optiune dupa ID,2020-06-03 17:39:29.014,http-nio-8080-exec-2
Stergere note bacalaureat,2020-06-03 17:39:29.019,http-nio-8080-exec-2
Stergere informatii admitere,2020-06-03 17:39:29.024,http-nio-8080-exec-2
Selectare optiune dupa ID,2020-06-03 17:39:29.03,http-nio-8080-exec-2
Selectare facultate dupa ID,2020-06-03 17:39:29.035,http-nio-8080-exec-2
Stergere candidat,2020-06-03 17:39:29.04,http-nio-8080-exec-2
Selectare specializare dupa ID,2020-06-03 17:40:34.509,http-nio-8080-exec-5
Returnare ultim id adaugat,2020-06-03 17:40:34.517,http-nio-8080-exec-5
Selectare note bacalaureat dupa id candidat,2020-06-03 17:40:34.522,http-nio-8080-exec-5
Returnare ultim id adaugat,2020-06-03 17:40:34.529,http-nio-8080-exec-5
Selectare informatii admitere pentru un anumit candidat,2020-06-03 17:40:34.535,http-nio-8080-exec-5
Adaugare note bacalaureat,2020-06-03 17:40:43.076,http-nio-8080-exec-6
Adaugare candidat nou,2020-06-03 17:40:43.076,Adauga candidat nou
Adaugare informatii admitere,2020-06-03 17:40:43.1,http-nio-8080-exec-6
Selectare specializare dupa ID,2020-06-03 17:40:43.111,http-nio-8080-exec-6
Returnare ultim id adaugat,2020-06-03 17:40:43.119,http-nio-8080-exec-6
Selectare note bacalaureat dupa id candidat,2020-06-03 17:40:43.127,http-nio-8080-exec-6
Returnare ultim id adaugat,2020-06-03 17:40:43.131,http-nio-8080-exec-6
Selectare informatii admitere pentru un anumit candidat,2020-06-03 17:40:43.139,http-nio-8080-exec-6
Selectare candidat dupa nume,2020-06-03 17:40:43.144,http-nio-8080-exec-6
Adaugare optiune noua,2020-06-03 17:40:43.158,Adauga aplicatie noua
Adaugare note bacalaureat,2020-06-03 17:40:51.957,http-nio-8080-exec-8
Adaugare candidat nou,2020-06-03 17:40:51.957,Adauga candidat nou
Adaugare informatii admitere,2020-06-03 17:40:51.971,http-nio-8080-exec-8
Selectare specializare dupa ID,2020-06-03 17:40:51.984,http-nio-8080-exec-8
Returnare ultim id adaugat,2020-06-03 17:40:51.995,http-nio-8080-exec-8
Selectare note bacalaureat dupa id candidat,2020-06-03 17:40:52.002,http-nio-8080-exec-8
Returnare ultim id adaugat,2020-06-03 17:40:52.007,http-nio-8080-exec-8
Selectare informatii admitere pentru un anumit candidat,2020-06-03 17:40:52.015,http-nio-8080-exec-8
Selectare candidat dupa nume,2020-06-03 17:40:52.019,http-nio-8080-exec-8
Adaugare optiune noua,2020-06-03 17:40:52.033,Adauga aplicatie noua
Adaugare note bacalaureat,2020-06-03 17:41:01.179,http-nio-8080-exec-9
Adaugare candidat nou,2020-06-03 17:41:01.18,Adauga candidat nou
Adaugare informatii admitere,2020-06-03 17:41:01.194,http-nio-8080-exec-9
Selectare specializare dupa ID,2020-06-03 17:41:01.206,http-nio-8080-exec-9
Returnare ultim id adaugat,2020-06-03 17:41:01.216,http-nio-8080-exec-9
Selectare note bacalaureat dupa id candidat,2020-06-03 17:41:01.225,http-nio-8080-exec-9
Returnare ultim id adaugat,2020-06-03 17:41:01.229,http-nio-8080-exec-9
Selectare informatii admitere pentru un anumit candidat,2020-06-03 17:41:01.236,http-nio-8080-exec-9
Selectare candidat dupa nume,2020-06-03 17:41:01.241,http-nio-8080-exec-9
Adaugare optiune noua,2020-06-03 17:41:01.253,Adauga aplicatie noua
Adaugare note bacalaureat,2020-06-03 17:41:09.883,http-nio-8080-exec-1
Adaugare candidat nou,2020-06-03 17:41:09.883,Adauga candidat nou
Adaugare informatii admitere,2020-06-03 17:41:09.896,http-nio-8080-exec-1
Selectare specializare dupa ID,2020-06-03 17:41:09.909,http-nio-8080-exec-1
Returnare ultim id adaugat,2020-06-03 17:41:09.916,http-nio-8080-exec-1
Selectare note bacalaureat dupa id candidat,2020-06-03 17:41:09.923,http-nio-8080-exec-1
Returnare ultim id adaugat,2020-06-03 17:41:09.927,http-nio-8080-exec-1
Selectare informatii admitere pentru un anumit candidat,2020-06-03 17:41:09.935,http-nio-8080-exec-1
Selectare candidat dupa nume,2020-06-03 17:41:09.94,http-nio-8080-exec-1
Adaugare optiune noua,2020-06-03 17:41:09.955,Adauga aplicatie noua
Selectare optiune dupa ID,2020-06-03 17:41:42.761,http-nio-8080-exec-4
Stergere candidat,2020-06-03 17:41:42.766,http-nio-8080-exec-4
Stergere optiune dupa ID,2020-06-03 17:41:42.771,http-nio-8080-exec-4
Stergere note bacalaureat,2020-06-03 17:41:42.777,http-nio-8080-exec-4
Stergere informatii admitere,2020-06-03 17:41:42.784,http-nio-8080-exec-4
Selectare optiune dupa ID,2020-06-03 17:41:42.789,http-nio-8080-exec-4
Selectare facultate dupa ID,2020-06-03 17:41:42.793,http-nio-8080-exec-4
Stergere candidat,2020-06-03 17:41:42.798,http-nio-8080-exec-4
Selectare optiune dupa ID,2020-06-03 17:41:47.883,http-nio-8080-exec-5
Stergere candidat,2020-06-03 17:41:47.888,http-nio-8080-exec-5
Stergere optiune dupa ID,2020-06-03 17:41:47.894,http-nio-8080-exec-5
Stergere note bacalaureat,2020-06-03 17:41:47.9,http-nio-8080-exec-5
Stergere informatii admitere,2020-06-03 17:41:47.907,http-nio-8080-exec-5
Selectare optiune dupa ID,2020-06-03 17:41:47.913,http-nio-8080-exec-5
Selectare facultate dupa ID,2020-06-03 17:41:47.917,http-nio-8080-exec-5
Stergere candidat,2020-06-03 17:41:47.922,http-nio-8080-exec-5
Selectare optiune dupa ID,2020-06-03 17:42:07.924,http-nio-8080-exec-7
Stergere candidat,2020-06-03 17:42:07.928,http-nio-8080-exec-7
Stergere optiune dupa ID,2020-06-03 17:42:07.934,http-nio-8080-exec-7
Stergere note bacalaureat,2020-06-03 17:42:07.939,http-nio-8080-exec-7
Stergere informatii admitere,2020-06-03 17:42:07.946,http-nio-8080-exec-7
Stergere optiune dupa ID,2020-06-03 17:42:07.953,http-nio-8080-exec-7
Stergere note bacalaureat,2020-06-03 17:42:07.958,http-nio-8080-exec-7
Stergere informatii admitere,2020-06-03 17:42:07.964,http-nio-8080-exec-7
Stergere optiune dupa ID,2020-06-03 17:42:07.971,http-nio-8080-exec-7
Stergere note bacalaureat,2020-06-03 17:42:07.976,http-nio-8080-exec-7
Stergere informatii admitere,2020-06-03 17:42:07.98,http-nio-8080-exec-7
Selectare optiune dupa ID,2020-06-03 17:42:07.985,http-nio-8080-exec-7
Selectare facultate dupa ID,2020-06-03 17:42:07.99,http-nio-8080-exec-7
Stergere candidat,2020-06-03 17:42:07.994,http-nio-8080-exec-7
Selectare optiune dupa ID,2020-06-03 17:42:23.732,http-nio-8080-exec-9
Stergere candidat,2020-06-03 17:42:23.738,http-nio-8080-exec-9
Stergere optiune dupa ID,2020-06-03 17:42:23.743,http-nio-8080-exec-9
Stergere note bacalaureat,2020-06-03 17:42:23.75,http-nio-8080-exec-9
Stergere informatii admitere,2020-06-03 17:42:23.756,http-nio-8080-exec-9
Stergere optiune dupa ID,2020-06-03 17:42:23.762,http-nio-8080-exec-9
Stergere note bacalaureat,2020-06-03 17:42:23.767,http-nio-8080-exec-9
Stergere informatii admitere,2020-06-03 17:42:23.772,http-nio-8080-exec-9
Selectare optiune dupa ID,2020-06-03 17:42:23.776,http-nio-8080-exec-9
Selectare facultate dupa ID,2020-06-03 17:42:23.782,http-nio-8080-exec-9
Stergere candidat,2020-06-03 17:42:23.787,http-nio-8080-exec-9
Selectare optiune dupa ID,2020-06-03 17:43:11.098,http-nio-8080-exec-2
Stergere candidat,2020-06-03 17:43:11.104,http-nio-8080-exec-2
Stergere optiune dupa ID,2020-06-03 17:43:11.111,http-nio-8080-exec-2
Stergere note bacalaureat,2020-06-03 17:43:11.114,http-nio-8080-exec-2
Stergere informatii admitere,2020-06-03 17:43:11.118,http-nio-8080-exec-2
Selectare optiune dupa ID,2020-06-03 17:43:11.122,http-nio-8080-exec-2
Selectare facultate dupa ID,2020-06-03 17:43:11.127,http-nio-8080-exec-2
Stergere candidat,2020-06-03 17:43:11.132,http-nio-8080-exec-2
Stergere optiune dupa ID,2020-06-03 17:43:11.139,http-nio-8080-exec-2
Stergere note bacalaureat,2020-06-03 17:43:11.145,http-nio-8080-exec-2
Stergere informatii admitere,2020-06-03 17:43:11.15,http-nio-8080-exec-2
Selectare optiune dupa ID,2020-06-03 17:43:57.212,http-nio-8080-exec-5
Stergere candidat,2020-06-03 17:43:57.218,http-nio-8080-exec-5
Stergere optiune dupa ID,2020-06-03 17:43:57.223,http-nio-8080-exec-5
Stergere note bacalaureat,2020-06-03 17:43:57.227,http-nio-8080-exec-5
Stergere informatii admitere,2020-06-03 17:43:57.232,http-nio-8080-exec-5
Selectare optiune dupa ID,2020-06-03 17:43:57.236,http-nio-8080-exec-5
Selectare facultate dupa ID,2020-06-03 17:43:57.244,http-nio-8080-exec-5
Stergere candidat,2020-06-03 17:43:57.249,http-nio-8080-exec-5
Selectare optiune dupa ID,2020-06-03 17:46:14.477,http-nio-8080-exec-8
Stergere candidat,2020-06-03 17:46:14.484,http-nio-8080-exec-8
Stergere optiune dupa ID,2020-06-03 17:46:14.49,http-nio-8080-exec-8
Stergere note bacalaureat,2020-06-03 17:46:14.494,http-nio-8080-exec-8
Stergere informatii admitere,2020-06-03 17:46:14.5,http-nio-8080-exec-8
Selectare optiune dupa ID,2020-06-03 17:46:14.506,http-nio-8080-exec-8
Selectare facultate dupa ID,2020-06-03 17:46:14.51,http-nio-8080-exec-8
Stergere candidat,2020-06-03 17:46:14.514,http-nio-8080-exec-8
Stergere optiune dupa ID,2020-06-03 17:46:14.521,http-nio-8080-exec-8
Stergere note bacalaureat,2020-06-03 17:46:14.525,http-nio-8080-exec-8
Stergere informatii admitere,2020-06-03 17:46:14.53,http-nio-8080-exec-8
Selectare optiune dupa ID,2020-06-03 17:46:49.832,http-nio-8080-exec-1
Stergere candidat,2020-06-03 17:46:50.12,http-nio-8080-exec-1
Stergere optiune dupa ID,2020-06-03 17:46:50.128,http-nio-8080-exec-1
Stergere note bacalaureat,2020-06-03 17:46:50.136,http-nio-8080-exec-1
Stergere informatii admitere,2020-06-03 17:46:50.145,http-nio-8080-exec-1
Selectare optiune dupa ID,2020-06-03 17:46:50.151,http-nio-8080-exec-1
Selectare facultate dupa ID,2020-06-03 17:46:50.159,http-nio-8080-exec-1
Stergere specializare dupa ID,2020-06-03 17:46:50.168,http-nio-8080-exec-1
Selectare optiune dupa ID,2020-06-03 17:46:50.307,http-nio-8080-exec-3
Stergere candidat,2020-06-03 17:46:50.315,http-nio-8080-exec-3
Stergere optiune dupa ID,2020-06-03 17:46:50.321,http-nio-8080-exec-3
Stergere note bacalaureat,2020-06-03 17:46:50.326,http-nio-8080-exec-3
Stergere informatii admitere,2020-06-03 17:46:50.333,http-nio-8080-exec-3
Selectare optiune dupa ID,2020-06-03 17:46:50.339,http-nio-8080-exec-3
Selectare facultate dupa ID,2020-06-03 17:46:50.346,http-nio-8080-exec-3
Stergere specializare dupa ID,2020-06-03 17:46:50.352,http-nio-8080-exec-3
Selectare optiune dupa ID,2020-06-03 17:46:57.221,http-nio-8080-exec-4
Stergere candidat,2020-06-03 17:46:57.227,http-nio-8080-exec-4
Stergere optiune dupa ID,2020-06-03 17:46:57.234,http-nio-8080-exec-4
Stergere note bacalaureat,2020-06-03 17:46:57.239,http-nio-8080-exec-4
Stergere informatii admitere,2020-06-03 17:46:57.245,http-nio-8080-exec-4
Selectare optiune dupa ID,2020-06-03 17:46:57.251,http-nio-8080-exec-4
Selectare facultate dupa ID,2020-06-03 17:46:57.256,http-nio-8080-exec-4
Stergere specializare dupa ID,2020-06-03 17:46:57.271,http-nio-8080-exec-4
Selectare specializare dupa ID,2020-06-03 17:47:32.593,http-nio-8080-exec-6
Returnare ultim id adaugat,2020-06-03 17:47:32.6,http-nio-8080-exec-6
Selectare note bacalaureat dupa id candidat,2020-06-03 17:47:32.615,http-nio-8080-exec-6
Returnare ultim id adaugat,2020-06-03 17:47:32.626,http-nio-8080-exec-6
Selectare informatii admitere pentru un anumit candidat,2020-06-03 17:47:32.634,http-nio-8080-exec-6
Adaugare note bacalaureat,2020-06-03 17:47:46.907,http-nio-8080-exec-9
Adaugare candidat nou,2020-06-03 17:47:46.907,Adauga candidat nou
Adaugare informatii admitere,2020-06-03 17:47:46.924,http-nio-8080-exec-9
Selectare specializare dupa ID,2020-06-03 17:47:46.939,http-nio-8080-exec-9
Returnare ultim id adaugat,2020-06-03 17:47:46.953,http-nio-8080-exec-9
Selectare note bacalaureat dupa id candidat,2020-06-03 17:47:46.962,http-nio-8080-exec-9
Returnare ultim id adaugat,2020-06-03 17:47:46.967,http-nio-8080-exec-9
Selectare informatii admitere pentru un anumit candidat,2020-06-03 17:47:46.974,http-nio-8080-exec-9
Selectare candidat dupa nume,2020-06-03 17:47:46.982,http-nio-8080-exec-9
Adaugare optiune noua,2020-06-03 17:47:47.002,Adauga aplicatie noua
Adaugare note bacalaureat,2020-06-03 17:47:55.924,http-nio-8080-exec-10
Adaugare candidat nou,2020-06-03 17:47:55.925,Adauga candidat nou
Adaugare informatii admitere,2020-06-03 17:47:55.94,http-nio-8080-exec-10
Selectare specializare dupa ID,2020-06-03 17:47:55.953,http-nio-8080-exec-10
Returnare ultim id adaugat,2020-06-03 17:47:55.964,http-nio-8080-exec-10
Selectare note bacalaureat dupa id candidat,2020-06-03 17:47:55.972,http-nio-8080-exec-10
Returnare ultim id adaugat,2020-06-03 17:47:55.978,http-nio-8080-exec-10
Selectare informatii admitere pentru un anumit candidat,2020-06-03 17:47:55.986,http-nio-8080-exec-10
Selectare candidat dupa nume,2020-06-03 17:47:55.991,http-nio-8080-exec-10
Adaugare optiune noua,2020-06-03 17:47:56.008,Adauga aplicatie noua
Adaugare note bacalaureat,2020-06-03 17:48:08.597,http-nio-8080-exec-2
Adaugare candidat nou,2020-06-03 17:48:08.597,Adauga candidat nou
Adaugare informatii admitere,2020-06-03 17:48:08.611,http-nio-8080-exec-2
Selectare specializare dupa ID,2020-06-03 17:48:08.623,http-nio-8080-exec-2
Returnare ultim id adaugat,2020-06-03 17:48:08.633,http-nio-8080-exec-2
Selectare note bacalaureat dupa id candidat,2020-06-03 17:48:08.641,http-nio-8080-exec-2
Returnare ultim id adaugat,2020-06-03 17:48:08.646,http-nio-8080-exec-2
Selectare informatii admitere pentru un anumit candidat,2020-06-03 17:48:08.654,http-nio-8080-exec-2
Selectare candidat dupa nume,2020-06-03 17:48:08.659,http-nio-8080-exec-2
Adaugare optiune noua,2020-06-03 17:48:08.674,Adauga aplicatie noua
Adaugare note bacalaureat,2020-06-03 17:48:22.141,http-nio-8080-exec-4
Adaugare candidat nou,2020-06-03 17:48:22.141,Adauga candidat nou
Adaugare informatii admitere,2020-06-03 17:48:22.156,http-nio-8080-exec-4
Selectare specializare dupa ID,2020-06-03 17:48:22.17,http-nio-8080-exec-4
Returnare ultim id adaugat,2020-06-03 17:48:22.179,http-nio-8080-exec-4
Selectare note bacalaureat dupa id candidat,2020-06-03 17:48:22.186,http-nio-8080-exec-4
Returnare ultim id adaugat,2020-06-03 17:48:22.191,http-nio-8080-exec-4
Selectare informatii admitere pentru un anumit candidat,2020-06-03 17:48:22.199,http-nio-8080-exec-4
Selectare candidat dupa nume,2020-06-03 17:48:22.204,http-nio-8080-exec-4
Adaugare optiune noua,2020-06-03 17:48:22.22,Adauga aplicatie noua
Adaugare note bacalaureat,2020-06-03 17:48:33.299,http-nio-8080-exec-7
Adaugare candidat nou,2020-06-03 17:48:33.299,Adauga candidat nou
Adaugare informatii admitere,2020-06-03 17:48:33.313,http-nio-8080-exec-7
Selectare specializare dupa ID,2020-06-03 17:48:33.326,http-nio-8080-exec-7
Returnare ultim id adaugat,2020-06-03 17:48:33.337,http-nio-8080-exec-7
Selectare note bacalaureat dupa id candidat,2020-06-03 17:48:33.345,http-nio-8080-exec-7
Returnare ultim id adaugat,2020-06-03 17:48:33.351,http-nio-8080-exec-7
Selectare informatii admitere pentru un anumit candidat,2020-06-03 17:48:33.358,http-nio-8080-exec-7
Selectare candidat dupa nume,2020-06-03 17:48:33.364,http-nio-8080-exec-7
Adaugare optiune noua,2020-06-03 17:48:33.376,Adauga aplicatie noua
Adaugare note bacalaureat,2020-06-03 17:48:46.099,http-nio-8080-exec-8
Adaugare candidat nou,2020-06-03 17:48:46.099,Adauga candidat nou
Adaugare informatii admitere,2020-06-03 17:48:46.115,http-nio-8080-exec-8
Selectare specializare dupa ID,2020-06-03 17:48:46.126,http-nio-8080-exec-8
Returnare ultim id adaugat,2020-06-03 17:48:46.136,http-nio-8080-exec-8
Selectare note bacalaureat dupa id candidat,2020-06-03 17:48:46.143,http-nio-8080-exec-8
Returnare ultim id adaugat,2020-06-03 17:48:46.149,http-nio-8080-exec-8
Selectare informatii admitere pentru un anumit candidat,2020-06-03 17:48:46.161,http-nio-8080-exec-8
Selectare candidat dupa nume,2020-06-03 17:48:46.167,http-nio-8080-exec-8
Adaugare optiune noua,2020-06-03 17:48:46.19,Adauga aplicatie noua
Selectare optiune dupa ID,2020-06-03 17:48:47.345,http-nio-8080-exec-9
Stergere candidat,2020-06-03 17:48:47.351,http-nio-8080-exec-9
Stergere optiune dupa ID,2020-06-03 17:48:47.356,http-nio-8080-exec-9
Stergere note bacalaureat,2020-06-03 17:48:47.36,http-nio-8080-exec-9
Stergere informatii admitere,2020-06-03 17:48:47.366,http-nio-8080-exec-9
Selectare optiune dupa ID,2020-06-03 17:48:47.371,http-nio-8080-exec-9
Selectare facultate dupa ID,2020-06-03 17:48:47.375,http-nio-8080-exec-9
Stergere specializare dupa ID,2020-06-03 17:48:47.381,http-nio-8080-exec-9
Selectare optiune dupa ID,2020-06-03 17:48:53.586,http-nio-8080-exec-10
Stergere candidat,2020-06-03 17:48:53.59,http-nio-8080-exec-10
Stergere optiune dupa ID,2020-06-03 17:48:53.597,http-nio-8080-exec-10
Stergere note bacalaureat,2020-06-03 17:48:53.601,http-nio-8080-exec-10
Stergere informatii admitere,2020-06-03 17:48:53.605,http-nio-8080-exec-10
Selectare optiune dupa ID,2020-06-03 17:48:53.61,http-nio-8080-exec-10
Actualizare sala examen,2020-06-03 17:48:53.638,http-nio-8080-exec-10
Selectare facultate dupa ID,2020-06-03 17:48:53.645,http-nio-8080-exec-10
Stergere specializare dupa ID,2020-06-03 17:48:53.65,http-nio-8080-exec-10
Selectare optiune dupa ID,2020-06-03 17:49:10.32,http-nio-8080-exec-2
Stergere candidat,2020-06-03 17:49:10.324,http-nio-8080-exec-2
Stergere optiune dupa ID,2020-06-03 17:49:10.332,http-nio-8080-exec-2
Stergere note bacalaureat,2020-06-03 17:49:10.335,http-nio-8080-exec-2
Stergere informatii admitere,2020-06-03 17:49:10.34,http-nio-8080-exec-2
Selectare optiune dupa ID,2020-06-03 17:49:10.347,http-nio-8080-exec-2
Actualizare sala examen,2020-06-03 17:49:10.37,http-nio-8080-exec-2
Selectare facultate dupa ID,2020-06-03 17:49:10.376,http-nio-8080-exec-2
Stergere specializare dupa ID,2020-06-03 17:49:10.381,http-nio-8080-exec-2
Selectare optiune dupa ID,2020-06-03 17:49:21.018,http-nio-8080-exec-4
Stergere candidat,2020-06-03 17:49:21.025,http-nio-8080-exec-4
Stergere optiune dupa ID,2020-06-03 17:49:21.03,http-nio-8080-exec-4
Stergere note bacalaureat,2020-06-03 17:49:21.034,http-nio-8080-exec-4
Stergere informatii admitere,2020-06-03 17:49:21.038,http-nio-8080-exec-4
Selectare optiune dupa ID,2020-06-03 17:49:21.043,http-nio-8080-exec-4
Actualizare sala examen,2020-06-03 17:49:21.067,http-nio-8080-exec-4
Selectare facultate dupa ID,2020-06-03 17:49:21.072,http-nio-8080-exec-4
Stergere specializare dupa ID,2020-06-03 17:49:21.077,http-nio-8080-exec-4
Selectare optiune dupa ID,2020-06-03 17:50:06.86,http-nio-8080-exec-6
Update medie admitere,2020-06-03 17:50:06.886,http-nio-8080-exec-6
Stergere candidat,2020-06-03 17:50:06.919,http-nio-8080-exec-6
Stergere optiune dupa ID,2020-06-03 17:50:06.924,http-nio-8080-exec-6
Stergere note bacalaureat,2020-06-03 17:50:06.929,http-nio-8080-exec-6
Stergere informatii admitere,2020-06-03 17:50:06.933,http-nio-8080-exec-6
Selectare optiune dupa ID,2020-06-03 17:50:06.938,http-nio-8080-exec-6
Selectare facultate dupa ID,2020-06-03 17:50:06.942,http-nio-8080-exec-6
Stergere specializare dupa ID,2020-06-03 17:50:06.946,http-nio-8080-exec-6
Selectare optiune dupa ID,2020-06-03 17:50:12.003,http-nio-8080-exec-8
Update medie admitere,2020-06-03 17:50:12.028,http-nio-8080-exec-8
Stergere candidat,2020-06-03 17:50:12.058,http-nio-8080-exec-8
Stergere optiune dupa ID,2020-06-03 17:50:12.063,http-nio-8080-exec-8
Stergere note bacalaureat,2020-06-03 17:50:12.067,http-nio-8080-exec-8
Stergere informatii admitere,2020-06-03 17:50:12.071,http-nio-8080-exec-8
Selectare optiune dupa ID,2020-06-03 17:50:12.075,http-nio-8080-exec-8
Selectare facultate dupa ID,2020-06-03 17:50:12.08,http-nio-8080-exec-8
Stergere specializare dupa ID,2020-06-03 17:50:12.085,http-nio-8080-exec-8
Selectare optiune dupa ID,2020-06-03 17:50:18.481,http-nio-8080-exec-10
Update medie admitere,2020-06-03 17:50:18.505,http-nio-8080-exec-10
Stergere candidat,2020-06-03 17:50:18.535,http-nio-8080-exec-10
Stergere optiune dupa ID,2020-06-03 17:50:18.54,http-nio-8080-exec-10
Stergere note bacalaureat,2020-06-03 17:50:18.545,http-nio-8080-exec-10
Stergere informatii admitere,2020-06-03 17:50:18.549,http-nio-8080-exec-10
Selectare optiune dupa ID,2020-06-03 17:50:18.552,http-nio-8080-exec-10
Selectare facultate dupa ID,2020-06-03 17:50:18.556,http-nio-8080-exec-10
Stergere specializare dupa ID,2020-06-03 17:50:18.561,http-nio-8080-exec-10
Selectare specializare dupa ID,2020-06-03 17:50:20.63,http-nio-8080-exec-1
Returnare ultim id adaugat,2020-06-03 17:50:20.634,http-nio-8080-exec-1
Selectare note bacalaureat dupa id candidat,2020-06-03 17:50:20.642,http-nio-8080-exec-1
Returnare ultim id adaugat,2020-06-03 17:50:20.646,http-nio-8080-exec-1
Selectare informatii admitere pentru un anumit candidat,2020-06-03 17:50:20.652,http-nio-8080-exec-1
Selectare specializare dupa ID,2020-06-03 17:50:22.811,http-nio-8080-exec-2
Selectare specializare dupa ID,2020-06-03 17:50:25.366,http-nio-8080-exec-3
Selectare candidati admisi la buget dupa specializare,2020-06-03 17:50:25.375,http-nio-8080-exec-3
Selectare specializare dupa ID,2020-06-03 17:50:37.929,http-nio-8080-exec-5
Returnare ultim id adaugat,2020-06-03 17:50:37.934,http-nio-8080-exec-5
Selectare note bacalaureat dupa id candidat,2020-06-03 17:50:37.942,http-nio-8080-exec-5
Returnare ultim id adaugat,2020-06-03 17:50:37.946,http-nio-8080-exec-5
Selectare informatii admitere pentru un anumit candidat,2020-06-03 17:50:37.953,http-nio-8080-exec-5
Selectare specializare dupa ID,2020-06-03 17:50:39.836,http-nio-8080-exec-7
Selectare specializare dupa ID,2020-06-03 17:50:42.744,http-nio-8080-exec-6
Selectare candidati admisi la taxa dupa specializare,2020-06-03 17:50:42.754,http-nio-8080-exec-6
Selectare specializare dupa ID,2020-06-03 17:50:44.953,http-nio-8080-exec-8
Returnare ultim id adaugat,2020-06-03 17:50:44.957,http-nio-8080-exec-8
Selectare note bacalaureat dupa id candidat,2020-06-03 17:50:44.964,http-nio-8080-exec-8
Returnare ultim id adaugat,2020-06-03 17:50:44.969,http-nio-8080-exec-8
Selectare informatii admitere pentru un anumit candidat,2020-06-03 17:50:44.975,http-nio-8080-exec-8
Selectare optiune dupa ID,2020-06-03 17:53:08.239,http-nio-8080-exec-1
Stergere candidat,2020-06-03 17:53:08.404,http-nio-8080-exec-1
Stergere optiune dupa ID,2020-06-03 17:53:08.409,http-nio-8080-exec-1
Stergere note bacalaureat,2020-06-03 17:53:08.415,http-nio-8080-exec-1
Stergere informatii admitere,2020-06-03 17:53:08.421,http-nio-8080-exec-1
Selectare optiune dupa ID,2020-06-03 17:53:08.426,http-nio-8080-exec-1
Selectare facultate dupa ID,2020-06-03 17:53:08.432,http-nio-8080-exec-1
Stergere specializare dupa ID,2020-06-03 17:53:08.437,http-nio-8080-exec-1
Selectare optiune dupa ID,2020-06-03 17:53:08.552,http-nio-8080-exec-7
Stergere candidat,2020-06-03 17:53:08.56,http-nio-8080-exec-7
Stergere optiune dupa ID,2020-06-03 17:53:08.571,http-nio-8080-exec-7
Stergere note bacalaureat,2020-06-03 17:53:08.577,http-nio-8080-exec-7
Stergere informatii admitere,2020-06-03 17:53:08.582,http-nio-8080-exec-7
Selectare optiune dupa ID,2020-06-03 17:53:08.586,http-nio-8080-exec-7
Selectare facultate dupa ID,2020-06-03 17:53:08.59,http-nio-8080-exec-7
Stergere specializare dupa ID,2020-06-03 17:53:08.594,http-nio-8080-exec-7
Selectare specializare dupa ID,2020-06-03 17:53:12.824,http-nio-8080-exec-3
Returnare ultim id adaugat,2020-06-03 17:53:12.83,http-nio-8080-exec-3
Selectare note bacalaureat dupa id candidat,2020-06-03 17:53:12.848,http-nio-8080-exec-3
Returnare ultim id adaugat,2020-06-03 17:53:12.855,http-nio-8080-exec-3
Selectare informatii admitere pentru un anumit candidat,2020-06-03 17:53:12.86,http-nio-8080-exec-3
Selectare specializare dupa ID,2020-06-03 17:53:14.854,http-nio-8080-exec-8
Selectare specializare dupa ID,2020-06-03 17:53:18.049,http-nio-8080-exec-2
Selectare candidati admisi la taxa dupa specializare,2020-06-03 17:53:18.068,http-nio-8080-exec-2
Selectare specializare dupa ID,2020-06-03 17:53:35.402,http-nio-8080-exec-6
Selectare candidati admisi la taxa dupa specializare,2020-06-03 17:53:35.413,http-nio-8080-exec-6
Selectare optiune dupa ID,2020-06-03 17:54:36.027,http-nio-8080-exec-1
Stergere candidat,2020-06-03 17:54:36.19,http-nio-8080-exec-1
Stergere optiune dupa ID,2020-06-03 17:54:36.195,http-nio-8080-exec-1
Stergere note bacalaureat,2020-06-03 17:54:36.2,http-nio-8080-exec-1
Stergere informatii admitere,2020-06-03 17:54:36.209,http-nio-8080-exec-1
Selectare optiune dupa ID,2020-06-03 17:54:36.215,http-nio-8080-exec-1
Selectare facultate dupa ID,2020-06-03 17:54:36.224,http-nio-8080-exec-1
Stergere specializare dupa ID,2020-06-03 17:54:36.232,http-nio-8080-exec-1
Selectare optiune dupa ID,2020-06-03 17:54:36.352,http-nio-8080-exec-3
Stergere candidat,2020-06-03 17:54:36.363,http-nio-8080-exec-3
Stergere optiune dupa ID,2020-06-03 17:54:36.377,http-nio-8080-exec-3
Stergere note bacalaureat,2020-06-03 17:54:36.382,http-nio-8080-exec-3
Stergere informatii admitere,2020-06-03 17:54:36.389,http-nio-8080-exec-3
Selectare optiune dupa ID,2020-06-03 17:54:36.399,http-nio-8080-exec-3
Selectare facultate dupa ID,2020-06-03 17:54:36.407,http-nio-8080-exec-3
Stergere specializare dupa ID,2020-06-03 17:54:36.412,http-nio-8080-exec-3
Selectare specializare dupa ID,2020-06-03 17:54:40.7,http-nio-8080-exec-4
Returnare ultim id adaugat,2020-06-03 17:54:40.705,http-nio-8080-exec-4
Selectare note bacalaureat dupa id candidat,2020-06-03 17:54:40.716,http-nio-8080-exec-4
Returnare ultim id adaugat,2020-06-03 17:54:40.722,http-nio-8080-exec-4
Selectare informatii admitere pentru un anumit candidat,2020-06-03 17:54:40.728,http-nio-8080-exec-4
Selectare specializare dupa ID,2020-06-03 17:54:42.427,http-nio-8080-exec-5
Selectare specializare dupa ID,2020-06-03 17:54:44.929,http-nio-8080-exec-6
Selectare candidati admisi la taxa dupa specializare,2020-06-03 17:54:44.949,http-nio-8080-exec-6
Selectare specializare dupa ID,2020-06-03 17:54:49.636,http-nio-8080-exec-8
Selectare candidati admisi la taxa dupa specializare,2020-06-03 17:54:49.646,http-nio-8080-exec-8
Selectare optiune dupa ID,2020-06-03 17:59:22.794,http-nio-8080-exec-1
Stergere candidat,2020-06-03 17:59:23.079,http-nio-8080-exec-1
Stergere optiune dupa ID,2020-06-03 17:59:23.092,http-nio-8080-exec-1
Stergere note bacalaureat,2020-06-03 17:59:23.103,http-nio-8080-exec-1
Stergere informatii admitere,2020-06-03 17:59:23.111,http-nio-8080-exec-1
Selectare optiune dupa ID,2020-06-03 17:59:23.12,http-nio-8080-exec-1
Selectare facultate dupa ID,2020-06-03 17:59:23.13,http-nio-8080-exec-1
Stergere specializare dupa ID,2020-06-03 17:59:23.14,http-nio-8080-exec-1
Selectare optiune dupa ID,2020-06-03 17:59:23.28,http-nio-8080-exec-3
Stergere candidat,2020-06-03 17:59:23.289,http-nio-8080-exec-3
Stergere optiune dupa ID,2020-06-03 17:59:23.295,http-nio-8080-exec-3
Stergere note bacalaureat,2020-06-03 17:59:23.302,http-nio-8080-exec-3
Stergere informatii admitere,2020-06-03 17:59:23.308,http-nio-8080-exec-3
Selectare optiune dupa ID,2020-06-03 17:59:23.313,http-nio-8080-exec-3
Selectare facultate dupa ID,2020-06-03 17:59:23.32,http-nio-8080-exec-3
Stergere specializare dupa ID,2020-06-03 17:59:23.327,http-nio-8080-exec-3
Selectare specializare dupa ID,2020-06-03 17:59:29.938,http-nio-8080-exec-4
Returnare ultim id adaugat,2020-06-03 17:59:29.945,http-nio-8080-exec-4
Selectare note bacalaureat dupa id candidat,2020-06-03 17:59:29.962,http-nio-8080-exec-4
Returnare ultim id adaugat,2020-06-03 17:59:29.974,http-nio-8080-exec-4
Selectare informatii admitere pentru un anumit candidat,2020-06-03 17:59:29.983,http-nio-8080-exec-4
Selectare specializare dupa ID,2020-06-03 17:59:31.788,http-nio-8080-exec-5
Selectare specializare dupa ID,2020-06-03 17:59:35.146,http-nio-8080-exec-9
Selectare candidati admisi la taxa dupa specializare,2020-06-03 17:59:35.164,http-nio-8080-exec-9
Selectare specializare dupa ID,2020-06-03 17:59:40.459,http-nio-8080-exec-8
Selectare candidati admisi la taxa dupa specializare,2020-06-03 17:59:40.469,http-nio-8080-exec-8
Selectare specializare dupa ID,2020-06-03 17:59:44.257,http-nio-8080-exec-7
Selectare candidati admisi la taxa dupa specializare,2020-06-03 17:59:44.266,http-nio-8080-exec-7
Selectare optiune dupa ID,2020-06-03 18:04:25.26,http-nio-8080-exec-1
Stergere candidat,2020-06-03 18:04:25.415,http-nio-8080-exec-1
Stergere optiune dupa ID,2020-06-03 18:04:25.421,http-nio-8080-exec-1
Stergere note bacalaureat,2020-06-03 18:04:25.426,http-nio-8080-exec-1
Stergere informatii admitere,2020-06-03 18:04:25.432,http-nio-8080-exec-1
Selectare optiune dupa ID,2020-06-03 18:04:25.436,http-nio-8080-exec-1
Selectare facultate dupa ID,2020-06-03 18:04:25.44,http-nio-8080-exec-1
Stergere specializare dupa ID,2020-06-03 18:04:25.446,http-nio-8080-exec-1
Selectare optiune dupa ID,2020-06-03 18:04:25.551,http-nio-8080-exec-4
Stergere candidat,2020-06-03 18:04:25.561,http-nio-8080-exec-4
Stergere optiune dupa ID,2020-06-03 18:04:25.571,http-nio-8080-exec-4
Stergere note bacalaureat,2020-06-03 18:04:25.58,http-nio-8080-exec-4
Stergere informatii admitere,2020-06-03 18:04:25.585,http-nio-8080-exec-4
Selectare optiune dupa ID,2020-06-03 18:04:25.59,http-nio-8080-exec-4
Selectare facultate dupa ID,2020-06-03 18:04:25.598,http-nio-8080-exec-4
Stergere specializare dupa ID,2020-06-03 18:04:25.604,http-nio-8080-exec-4
Selectare optiune dupa ID,2020-06-03 18:04:48.462,http-nio-8080-exec-7
Stergere candidat,2020-06-03 18:04:48.47,http-nio-8080-exec-7
Stergere optiune dupa ID,2020-06-03 18:04:48.477,http-nio-8080-exec-7
Stergere note bacalaureat,2020-06-03 18:04:48.482,http-nio-8080-exec-7
Stergere informatii admitere,2020-06-03 18:04:48.488,http-nio-8080-exec-7
Selectare optiune dupa ID,2020-06-03 18:04:48.494,http-nio-8080-exec-7
Selectare facultate dupa ID,2020-06-03 18:04:48.499,http-nio-8080-exec-7
Stergere specializare dupa ID,2020-06-03 18:04:48.506,http-nio-8080-exec-7
Selectare optiune dupa ID,2020-06-03 18:05:06.676,http-nio-8080-exec-9
Stergere candidat,2020-06-03 18:05:06.683,http-nio-8080-exec-9
Stergere optiune dupa ID,2020-06-03 18:05:06.691,http-nio-8080-exec-9
Stergere note bacalaureat,2020-06-03 18:05:06.696,http-nio-8080-exec-9
Stergere informatii admitere,2020-06-03 18:05:06.701,http-nio-8080-exec-9
Selectare optiune dupa ID,2020-06-03 18:05:06.713,http-nio-8080-exec-9
Selectare facultate dupa ID,2020-06-03 18:05:06.718,http-nio-8080-exec-9
Stergere specializare dupa ID,2020-06-03 18:05:06.732,http-nio-8080-exec-9
Adaugare specializare noua,2020-06-03 18:05:06.733,Adauga specializare noua
Selectare specializare dupa ID,2020-06-03 18:05:21.445,http-nio-8080-exec-2
Returnare ultim id adaugat,2020-06-03 18:05:21.451,http-nio-8080-exec-2
Selectare note bacalaureat dupa id candidat,2020-06-03 18:05:21.458,http-nio-8080-exec-2
Returnare ultim id adaugat,2020-06-03 18:05:21.468,http-nio-8080-exec-2
Selectare informatii admitere pentru un anumit candidat,2020-06-03 18:05:21.476,http-nio-8080-exec-2
Selectare specializare dupa ID,2020-06-03 18:05:24.324,http-nio-8080-exec-1
Selectare specializare dupa ID,2020-06-03 18:05:26.713,http-nio-8080-exec-3
Selectare candidati admisi la buget dupa specializare,2020-06-03 18:05:26.725,http-nio-8080-exec-3
Selectare specializare dupa ID,2020-06-03 18:05:27.133,http-nio-8080-exec-4
Selectare candidati admisi la buget dupa specializare,2020-06-03 18:05:27.142,http-nio-8080-exec-4
Selectare specializare dupa ID,2020-06-03 18:05:31.546,http-nio-8080-exec-5
Selectare candidati admisi la buget dupa specializare,2020-06-03 18:05:31.555,http-nio-8080-exec-5
Selectare specializare dupa ID,2020-06-03 18:05:35.178,http-nio-8080-exec-6
Selectare candidati admisi la buget dupa specializare,2020-06-03 18:05:35.189,http-nio-8080-exec-6
Selectare specializare dupa ID,2020-06-03 18:05:38.313,http-nio-8080-exec-8
Returnare ultim id adaugat,2020-06-03 18:05:38.319,http-nio-8080-exec-8
Selectare note bacalaureat dupa id candidat,2020-06-03 18:05:38.326,http-nio-8080-exec-8
Returnare ultim id adaugat,2020-06-03 18:05:38.33,http-nio-8080-exec-8
Selectare informatii admitere pentru un anumit candidat,2020-06-03 18:05:38.338,http-nio-8080-exec-8
Selectare specializare dupa ID,2020-06-03 18:05:41.375,http-nio-8080-exec-9
Selectare specializare dupa ID,2020-06-03 18:05:44.222,http-nio-8080-exec-10
Selectare candidati admisi la taxa dupa specializare,2020-06-03 18:05:44.233,http-nio-8080-exec-10
Selectare specializare dupa ID,2020-06-03 18:05:47.914,http-nio-8080-exec-2
Selectare candidati admisi la taxa dupa specializare,2020-06-03 18:05:47.923,http-nio-8080-exec-2
Selectare specializare dupa ID,2020-06-03 18:05:50.207,http-nio-8080-exec-3
Returnare ultim id adaugat,2020-06-03 18:05:50.211,http-nio-8080-exec-3
Selectare note bacalaureat dupa id candidat,2020-06-03 18:05:50.22,http-nio-8080-exec-3
Returnare ultim id adaugat,2020-06-03 18:05:50.224,http-nio-8080-exec-3
Selectare informatii admitere pentru un anumit candidat,2020-06-03 18:05:50.231,http-nio-8080-exec-3
Selectare specializare dupa ID,2020-06-03 18:05:52.794,http-nio-8080-exec-4
Selectare specializare dupa ID,2020-06-03 18:05:55.463,http-nio-8080-exec-5
Selectare candidati respinsi dupa specializare,2020-06-03 18:05:55.472,http-nio-8080-exec-5
Selectare specializare dupa ID,2020-06-03 18:05:58.761,http-nio-8080-exec-6
Selectare candidati respinsi dupa specializare,2020-06-03 18:05:58.769,http-nio-8080-exec-6
Selectare optiune dupa ID,2020-06-03 18:06:58.052,http-nio-8080-exec-1
Stergere candidat,2020-06-03 18:06:58.21,http-nio-8080-exec-1
Stergere optiune dupa ID,2020-06-03 18:06:58.214,http-nio-8080-exec-1
Stergere note bacalaureat,2020-06-03 18:06:58.22,http-nio-8080-exec-1
Stergere informatii admitere,2020-06-03 18:06:58.225,http-nio-8080-exec-1
Selectare optiune dupa ID,2020-06-03 18:06:58.229,http-nio-8080-exec-1
Selectare facultate dupa ID,2020-06-03 18:06:58.234,http-nio-8080-exec-1
Stergere specializare dupa ID,2020-06-03 18:06:58.239,http-nio-8080-exec-1
Selectare optiune dupa ID,2020-06-03 18:06:58.355,http-nio-8080-exec-4
Stergere candidat,2020-06-03 18:06:58.366,http-nio-8080-exec-4
Stergere optiune dupa ID,2020-06-03 18:06:58.375,http-nio-8080-exec-4
Stergere note bacalaureat,2020-06-03 18:06:58.382,http-nio-8080-exec-4
Stergere informatii admitere,2020-06-03 18:06:58.387,http-nio-8080-exec-4
Selectare optiune dupa ID,2020-06-03 18:06:58.393,http-nio-8080-exec-4
Selectare facultate dupa ID,2020-06-03 18:06:58.398,http-nio-8080-exec-4
Stergere specializare dupa ID,2020-06-03 18:06:58.406,http-nio-8080-exec-4
Selectare specializare dupa ID,2020-06-03 18:07:08.234,http-nio-8080-exec-5
Returnare ultim id adaugat,2020-06-03 18:07:08.24,http-nio-8080-exec-5
Selectare note bacalaureat dupa id candidat,2020-06-03 18:07:08.257,http-nio-8080-exec-5
Returnare ultim id adaugat,2020-06-03 18:07:08.27,http-nio-8080-exec-5
Selectare informatii admitere pentru un anumit candidat,2020-06-03 18:07:08.279,http-nio-8080-exec-5
Selectare specializare dupa ID,2020-06-03 18:07:10.333,http-nio-8080-exec-7
Selectare specializare dupa ID,2020-06-03 18:07:13.216,http-nio-8080-exec-8
Selectare candidati admisi la buget dupa specializare,2020-06-03 18:07:13.231,http-nio-8080-exec-8
Selectare specializare dupa ID,2020-06-03 18:07:16.786,http-nio-8080-exec-9
Selectare candidati admisi la buget dupa specializare,2020-06-03 18:07:16.795,http-nio-8080-exec-9
Selectare optiune dupa ID,2020-06-03 18:08:09.69,http-nio-8080-exec-1
Stergere candidat,2020-06-03 18:08:09.842,http-nio-8080-exec-1
Stergere optiune dupa ID,2020-06-03 18:08:09.848,http-nio-8080-exec-1
Stergere note bacalaureat,2020-06-03 18:08:09.853,http-nio-8080-exec-1
Stergere informatii admitere,2020-06-03 18:08:09.859,http-nio-8080-exec-1
Selectare optiune dupa ID,2020-06-03 18:08:09.863,http-nio-8080-exec-1
Selectare facultate dupa ID,2020-06-03 18:08:09.868,http-nio-8080-exec-1
Stergere specializare dupa ID,2020-06-03 18:08:09.873,http-nio-8080-exec-1
Selectare optiune dupa ID,2020-06-03 18:08:09.998,http-nio-8080-exec-3
Stergere candidat,2020-06-03 18:08:10.005,http-nio-8080-exec-3
Stergere optiune dupa ID,2020-06-03 18:08:10.011,http-nio-8080-exec-3
Stergere note bacalaureat,2020-06-03 18:08:10.017,http-nio-8080-exec-3
Stergere informatii admitere,2020-06-03 18:08:10.022,http-nio-8080-exec-3
Selectare optiune dupa ID,2020-06-03 18:08:10.026,http-nio-8080-exec-3
Selectare facultate dupa ID,2020-06-03 18:08:10.031,http-nio-8080-exec-3
Stergere specializare dupa ID,2020-06-03 18:08:10.036,http-nio-8080-exec-3
Selectare specializare dupa ID,2020-06-03 18:08:15.998,http-nio-8080-exec-4
Returnare ultim id adaugat,2020-06-03 18:08:16.004,http-nio-8080-exec-4
Selectare note bacalaureat dupa id candidat,2020-06-03 18:08:16.021,http-nio-8080-exec-4
Returnare ultim id adaugat,2020-06-03 18:08:16.034,http-nio-8080-exec-4
Selectare informatii admitere pentru un anumit candidat,2020-06-03 18:08:16.049,http-nio-8080-exec-4
Selectare specializare dupa ID,2020-06-03 18:08:32.656,http-nio-8080-exec-6
Selectare specializare dupa ID,2020-06-03 18:08:35.415,http-nio-8080-exec-7
Selectare candidati admisi la buget dupa specializare,2020-06-03 18:08:35.433,http-nio-8080-exec-7
Selectare specializare dupa ID,2020-06-03 18:08:37.465,http-nio-8080-exec-8
Returnare ultim id adaugat,2020-06-03 18:08:37.472,http-nio-8080-exec-8
Selectare note bacalaureat dupa id candidat,2020-06-03 18:08:37.482,http-nio-8080-exec-8
Returnare ultim id adaugat,2020-06-03 18:08:37.487,http-nio-8080-exec-8
Selectare informatii admitere pentru un anumit candidat,2020-06-03 18:08:37.496,http-nio-8080-exec-8
Selectare specializare dupa ID,2020-06-03 18:08:39.264,http-nio-8080-exec-9
Selectare specializare dupa ID,2020-06-03 18:08:42.896,http-nio-8080-exec-1
Selectare candidati admisi la taxa dupa specializare,2020-06-03 18:08:42.907,http-nio-8080-exec-1
Selectare specializare dupa ID,2020-06-03 18:08:45.079,http-nio-8080-exec-2
Returnare ultim id adaugat,2020-06-03 18:08:45.086,http-nio-8080-exec-2
Selectare note bacalaureat dupa id candidat,2020-06-03 18:08:45.094,http-nio-8080-exec-2
Returnare ultim id adaugat,2020-06-03 18:08:45.099,http-nio-8080-exec-2
Selectare informatii admitere pentru un anumit candidat,2020-06-03 18:08:45.107,http-nio-8080-exec-2
Selectare specializare dupa ID,2020-06-03 18:08:46.522,http-nio-8080-exec-3
Selectare specializare dupa ID,2020-06-03 18:08:49.336,http-nio-8080-exec-4
Selectare candidati respinsi dupa specializare,2020-06-03 18:08:49.347,http-nio-8080-exec-4
Selectare specializare dupa ID,2020-06-03 18:08:53.808,http-nio-8080-exec-6
Returnare ultim id adaugat,2020-06-03 18:08:53.813,http-nio-8080-exec-6
Selectare note bacalaureat dupa id candidat,2020-06-03 18:08:53.821,http-nio-8080-exec-6
Returnare ultim id adaugat,2020-06-03 18:08:53.829,http-nio-8080-exec-6
Selectare informatii admitere pentru un anumit candidat,2020-06-03 18:08:53.836,http-nio-8080-exec-6
